Company;City;Jobstatus;Position;Business Unit;Header;Text;Rating
Arbeitsbedingungen;Technik und Räume sind gut. Die Laptops sind recht schwer und unhandlich. Räume sind eher alt. Es gibt nur teilweise WLAN und Klimaanlagen. Typische Kaffeeecken fehlen. Es gibt Küchen, allerdings keine Sitzgelegenheiten.;3,00
Arbeitsatmosphäre;In der Abteilung super. Zwischen den Abteilungen merkt man manchmal Spannungen, der Druck scheint überall recht hoch zu sein.;4,00
Vorgesetztenverhalten;Meine Vorgesetzten sind sehr nett und man hat wirklich das Gefühl, dass sie einem den Rücken freihalten wollen.;4,00
Kollegenzusammenhalt;Der AG versucht, sein Wort zu halten und die Gemeinschaft zu fördern. Viele Kollegen bringen sich hier auch ein. Innerhalb meiner Abteilung unterstützen die Kollegen sich, wo sie können.;5,00
Interessante Aufgaben;Bin zufrieden;5,00
Gleichberechtigung;Eine der wenigen Punkte, die mich wirklich stören. Frauen in Führungspositionen muss man hier mit der Lupe suchen.;2,00
Karriere / Weiterbildung;Hier kann man Karriere machen, man sollte allerdings einen langen Atem haben. Die Kollegen müssen sich meist lange beweisen, bevor man ihnen den nächsten Schritt zutraut.;4,00
Gehalt / Sozialleistungen;Sehr gut!;5,00
Work-Life-Balance;Im Prinzip wird alles geboten, was das Herz begehrt: Gleitzeit, 38-Stunden-Woche, viele Urlaubstage... Im Alltag ist die Arbeitslast vielerorts allerdings so hoch, dass man davon kaum guten Gewissens Nutzen machen kann. Das wäre verbesserungswürdig.;4,00
Image;"Das Image ist leider immer noch ""verstaubt"". Davon versucht man sich zwar zu lösen, aber es klappt leider an vielen Stellen noch nicht. Das merkt man auch im Unternehmen selbst. So sind die meisten Kollegen insgesamt zufrieden mit der Gothaer als Arbeitgeber, verdrehen aber auch gerne mal die Augen, wenn die kleinsten Änderungen Monate dauern.";4,00
Arbeitsatmosphäre;Durch ständige Überwachung der Mitarbeiter wird ständiger Druck aufrecht erhalten;1,00
Vorgesetztenverhalten;Führungskräfte gibt es keine, nur noch Überwacher und Aufpasser.;1,00
Kollegenzusammenhalt;Bespitzelung und denunzieren der Kollegen untereinander wird gefordert und gefördert, entsprechend schlecht ist der Zusammenhalt.;1,00
Interessante Aufgaben;Monotonie pur. Die Gothaer ist zu einer Versicherungsfabrik geworden.;1,00
Kommunikation;Mitarbeiter werden per se vor vollendete Tatsachen gestellt;1,00
Gleichberechtigung;"Einzelne Mitarbeiter sollen Schuld sein das die Zahlen ganzer Teams schlecht sind. Entsprechende ""schuldige"" haben nichts zu lachen und nur noch die schlechtesten Dienste.";2,00
Umgang mit älteren Kollegen;Zwischen älteren oder jüngeren Kollegen wird kein Unterschied gemacht. Alle werden gleich schlecht behandelt.;5,00
Karriere / Weiterbildung;Wer schleimt gewinnt. Allerdings sind die Hierarchien so flach das man auch dann selten weiter kommt.;1,00
Gehalt / Sozialleistungen;Gehalt überdurchschnittlich. Sozialleistungen ein Witz.;1,00
Arbeitsbedingungen;Systeme aus den 80ern, totale Überwachung und jeden Tag Druck.;1,00
Umwelt- / Sozialbewusstsein;Es gibt Ladestationen für E Autos. Sozialleistungen gibt es keine.;2,00
Work-Life-Balance;Oft weiß man Donnerstags noch nicht wie man die Wochen darauf arbeiten muss. Private Termine zu organisieren ist so fast unmöglich.;1,00
Image;Gibt man Gothaer in Suchmaschinen ein und sieht sich die letzten Neuigkeiten an weiß man um das Image Bescheid.;2,00
Arbeitsatmosphäre;Direktes Arbeitsumfeld war super, KollegeInnen durchweg nett und i.O.;3,00
Vorgesetztenverhalten;"Äußerst schwach, Kommunikation mit BL / GF katastrophal; wurde von denen als lästig empfunden und so auch zurückgemeldet.";1,00
Kollegenzusammenhalt;Super!!!!;5,00
Kommunikation;Informationen durch die GF und den BR erfolgten periodisch;3,00
Umgang mit älteren Kollegen;wurden aussortiert - outgesourct;1,00
Karriere / Weiterbildung;Weiterblidungsmöglichkeiten wurden angeboten intern und extern !;3,00
Gehalt / Sozialleistungen;Gehalt kam pünktlich und wurde durch tarifliche Erhöhungen angepasst - auch für außertarifliche MA.;5,00
Arbeitsbedingungen;Büros sind ganz okay;3,00
Umwelt- / Sozialbewusstsein;Hier war erhebliche Nachholbedarf - keine Zuständigkeit - also nichts!;2,00
Work-Life-Balance;Gute, sehr liberale Gleitzeitregelung;4,00
Image;okay;2,00
Vorgesetztenverhalten;Sehr nette Vorgesetze mit denen man auch mal offen sprechen kann. Es wird auf Probleme eingegangen, darüber gesprochen und nach Lösungen gesucht um künftige Konflikte oder Sonstiges zu vermeiden. Respektvoller Umgang mit den Arbeitnehmern. Verständnis für persönliche Probleme.;4,00
Kollegenzusammenhalt;Die Kollegen sind allesamt sehr freundlich und nett. Es wird öfter auch mal gescherzt und miteinander gelacht. Angenehme Atmosphäre im Team.;4,00
Interessante Aufgaben;Arbeitsbelastung ist nicht sonderlich hoch, verlagert sich aber hauptsächlich auf Kundenservice am Telefon (und Bearbeitung von Schriftstücken). Aufgabengebiet ist festgelegt und im Detail nicht breit gefächert.;2,00
Kommunikation;Es finden tägliche Team-Meetings statt und regelmäßige MA-Gespräche.;5,00
Arbeitsbedingungen;Großraumbüros a 15 Personen. Große Schreibtische, große Pflanzen um ein bisschen mehr Privatsphäre zu schaffen. Technik relativ neu, Tageslicht durch viele Fenster, Klimaanlage vorhanden. Ausreichende Beleuchtung. Lärmpegel erträglich.;4,00
Arbeitsatmosphäre;Indirekten Umfeld gut außerhalb des eigenen Bereichs mehr „ich“ als „wir“ MA- Events;4,00
Vorgesetztenverhalten;Offenes kollegiales Miteinander;5,00
Kollegenzusammenhalt;Arbeitsdruck fördert Egoismen, ist aber keine Entschuldigung...;3,00
Interessante Aufgaben;Arbeit spannend Möglichkeiten sich  bei vielen aktuellen Themen einzubringen (mindset,digitale Agenda etc.);5,00
Kommunikation;Grundsätzlich offene Kommunikation  Informationen der Personalabteilung nur offen, wenn es nützt Vorstand hat echtes Interesse am Dialog;3,00
Gleichberechtigung;Keine Einschränkungen;5,00
Umgang mit älteren Kollegen;Wohlwollend, wertschätzend Die „älteren Kollegen „ in umgekehrter Richtung manchmal weniger;5,00
Karriere / Weiterbildung;Wird intern und extern gefördert;5,00
Gehalt / Sozialleistungen;Jeder der will, erfährt Förderung und bekommt eine Chance, wenn man flexibel ist Gehalt gut bis sehr gut, wenn man Leistung bringt;5,00
Arbeitsbedingungen;Möbel und  sanitäre Einrichtungen müssten erneuert werden  Einzelne Räume machen deutlich, wie toll es sein könnte Der Teppichboden ist 20 Jahre alt. :-( Kantine ist qualitativ stark verbesserungsbedürftig;3,00
Umwelt- / Sozialbewusstsein;+ Jobticket - keine aktive Unterstützung für Radfahrer mit Ausnahme des Parkens in der Tiefgarage - Umkleiden/ duschen umständlich  - kein Jobrad;3,00
Work-Life-Balance;Immer mehr Aufgaben on top, ohne offene Themen abschließen zu können Gutes Angebot Sport und Gesundheitsthemen;2,00
Image;Solider Wettbewerber am Markt, wirtschaftlich stabil, teilweise innovative, marktfähige Produkte;5,00
Arbeitsatmosphäre;Bis zur Übernahme der Gothaer in Göttingen durch die Gothaer Versicherungsbank in Köln  war das Arbeitsklima in Göttingen besser.;2,00
Arbeitsatmosphäre;Der Zusammenhalt unter den Mitarbeitern ist in der Regel sehr gut. Eine große Umstrukturierung hat diesen nicht geschadet, danach ist es sogar besser geworden.;5,00
Interessante Aufgaben;In Projekten gibt es immer spanende und fordernde Aufgaben. Je nach Linienteam kann auch Wartung im Vordergrund stehen. Die Umgebung für die Anwendungsentwicklung wir komplett modernisiert. Das macht die Arbeit deutlich interessanter.;4,00
Gleichberechtigung;Frauen sind nicht stark in Führungspositionen vertreten. Im Schnitt verdienen Frauen weniger als Männer.;4,00
Umgang mit älteren Kollegen;Ältere Kollegen werden geschätzt.;4,00
Karriere / Weiterbildung;Jeder der will, bekommt ein Chance sich zu beweisen.;5,00
Arbeitsbedingungen;Je nach Gebäude sind Büros sehr veraltet.;4,00
Work-Life-Balance;Es gibt Gleitzeit ohne Kernarbeitszeit. Es werden Sportkurse zu einem sehr günstigen Eigenbeitrag angeboten.;5,00
Image;Das Image von Versicherungen ist im Allgemeinen ja nicht gut. Die Gothaer steht innerhalb der Versicherungen eher gut da.;4,00
Vorgesetztenverhalten;Unterirdisch schlecht. Es gibt eine Nasenpolitik und die erfahrenen Führungskräfte setzen sich nicht für Ihre Mitarbeiter ein. Es geht ausschließlich im sich selbst.  Kein Rückhalt und auch keine Unterstützung. Kein Vorbildcharakter, einfach nur enttäuschend.;1,00
Kollegenzusammenhalt;eigentlich gut, aber alle sind nur am meckern.;4,00
Interessante Aufgaben;Kaum noch vorhanden. Konzernrechnungswesen (KRS) ist nicht empfehlenswert. Lieber Abstand nehmen.;1,00
Kommunikation;welche Kommunikation?!? Es wird aus allen ein Geheimnis gemacht. Hauptsache der andere weiß nicht zu viel.;1,00
Gleichberechtigung;vorhanden.;3,00
Umgang mit älteren Kollegen;Alle Kollegen sind gleich.;3,00
Gehalt / Sozialleistungen;eher schlecht in der Branche. Keine Chance sich zu entwickeln. Gehaltlich und Fachlich geht eigentlich gar nix.;1,00
Arbeitsbedingungen;alte Büros, Sauberkeit wird klein geschrieben, man spart sich kaputt. Die Technik, naja man hängt halt immer hinterher.;1,00
Work-Life-Balance;so lala. Eher nicht vorhanden. Man ist abhängig von der Führungskraft und das lassen sie auch die Mitarbeiter spüren.;2,00
Arbeitsatmosphäre;Bin fast 10 Jahre im Unternehmen (GKC) und bis 2014 war es auszuhalten. Danach hat sich die Atmosphäre sehr verschlechtert.;1,00
Vorgesetztenverhalten;"Die guten sind weg und nachbesetz wurden die offenen Posten mit den Kollegen die ich im Punkt ""Kollegenzusammenhalt"" erwähnt habe. Ich vermeide das Wort ""Führungskräfte"" in zusammenhang mit dem GKC - es gibt nur noch Vorgesetzte.";1,00
Kollegenzusammenhalt;"Früher war der Zusammenhalt ausgezeichnet und ich hätte nie etwas auf meine Kollegen kommen lassen. Mit dem ständigen Austausch der Führungskräfte hat jedoch eine Kultur des ""anschwärzens und finger zeigens"" einzug gehalten. Heißt: Wer am Monatsende die meißten Kollegen verpetzt gewinnt.";1,00
Interessante Aufgaben;"Die Vorgesetzen sagen gerne ""Jeder Call ist anders"" - ich kann das nicht bestätigen. Die Arbeit ist sehr monoton.";1,00
Kommunikation;Man erfährt alles nur im Nachhinein, in Veränderungen eingebunden werden nur die Angestellten/Führungskräft die mit der eigentlichen Arbeit mit dem Kunden gar nichts zu tun haben.;1,00
Gleichberechtigung;Geschlecht und sexuelle Orientierung spielen keine Rolle.;5,00
Karriere / Weiterbildung;Eine Karriere ist im GKC nicht möglich. Wenn man wirklich damit leben kann alles was von oben (Geschäftsführung/Vorstand) kommt rigoros durch zu drücken könnte man vielleicht Teamleiter werden - dann wäre man nicht mehr der Allerletzte sondern der Vorletzte in der Hirachie.;2,00
Gehalt / Sozialleistungen;Das Unternehmen ist außerhalb des Tarifvertrags angesiedelt, also große Erwartungen an ein faires Gehalt sollte man nicht haben.;2,00
Arbeitsbedingungen;"Die Technik ist weit hinter den aktuellen Möglichkeiten zurück. Die Arbeitsanforderungen werden jedoch immer mehr, es muss einfach jedes Jahr noch mehr geschafft werden. Es wird wirklich ALLES ausgewertet, wie lange das Telefon klingelt bis man ran geht, wie lange die Gespräche dauern, wie lange man danach die Grspräche ""Nachbearbeitet"" - man ist also absolut gläsern.";1,00
Umwelt- / Sozialbewusstsein;Was das Unternehmen (GKC) für die Umwelt tut ist mir nicht bekannt. Für die Mitarbeiter gibt´s ein Jobticket.;2,00
Work-Life-Balance;"Angeblich gibt es Gleitzeit aber: Man hat 7,9 Stunden tägl. zu arbeiten und wird aber über 6 Stunden im Telefon verplant, zuzüglich einer Pause von einer Stunde. Heißt also das man von 7,9 Stunden faktisch 7 Stunden verplant ist. Man kann also sagenhafte 54 Minuten ""gleiten"".";2,00
Image;"Ich würde sagen das es eher durchwachsen ist. Die Vorgesetzten sind sehr zufrieden mit der Gothaer und loben die Gothaer wo es nur geht, klar die bekommen ja die Kunden am Telefon nicht mit. Die ""Sachbearbeiter"" (in Anführungszeichen deshalb, weil man täglich zwischen 4 und 6 Stunden telefoniert) sehen das Image eher kritisch.";2,00
Arbeitsatmosphäre;Man redet sehr viel über andere;1,00
Vorgesetztenverhalten;Desolate Führung;1,00
Kollegenzusammenhalt;Jeder redet über den Anderen und nicht über seine eigene Selbstreflexion;1,00
Interessante Aufgaben;Interessant war und ist das zweifache verkaufen zuerst beim Kunden und dann in der Verwaltung;1,00
Kommunikation;Klare Unternehmensentscheidungen werden nicht kommuniziert und häufiges Wechseln von Entscheidungen;1,00
Gleichberechtigung;Keine Teambildung da selbsternannte Fürsten nicht ins Team durch Führungskräfte integriert wurden;1,00
Umgang mit älteren Kollegen;Wurden ihrer eigenen fehlerhaften Welt überlassen;1,00
Karriere / Weiterbildung;Durch verkrustete Strukturen wird Vetternwirtschaft und Flurfunk gefördert. Was neu und anders ist , kein nicht sein und ist schlecht;1,00
Gehalt / Sozialleistungen;Durch das verkaufen beim Kunden und dem Verkauf in der Verwaltung von nicht marktfähigen Produkten, stand Gehalt zu Aufwand in keinerlei Realität;1,00
Arbeitsbedingungen;Schwierig, da es keinerlei Struktur gab. Es wurden nicht nachvollziehbare Entscheidungen getroffen entgegen jeglicher Logik;1,00
Umwelt- / Sozialbewusstsein;Digitalisierung steckt in den Kinderschuhen;1,00
Work-Life-Balance;Freie Einteilung von Arbeitszeiten , auch wenn andere mehr arbeiten müssen;1,00
Image;Durch falsche Unternehmensentscheidung der Vergangenheit schwierige Produkte und durch desolate Personalpolitik sind Produkzyklen nicht mehr Marktkonform. Führung akzeptiert dieses;1,00
Arbeitsatmosphäre;Flache Hierarchien, tolle Teams;4,00
Vorgesetztenverhalten;Offene Kommunikation in den Teams und Zusammenhalt;4,00
Kollegenzusammenhalt;Auch in stressigen Zeiten gibt es einen guten Zusammenhalt;4,00
Interessante Aufgaben;Telefon und Schriftbearbeitung. Sowohl Kunden- als auch Agenturkontakt;4,00
Kommunikation;Könnte klarer sein - man erfährt aber alles „wichtige“ sehr zeitnah;3,00
Karriere / Weiterbildung;Es wird viel Wert auf Entwicklungsmöglichkeiten gelegt und die Mitarbeiter werden angehalten sich weiterzubilden. Fortbildung außerhalb werden teilweise bezuschusst;3,00
Gehalt / Sozialleistungen;Unterdurchschnittliches Gehalt, wenig Sozialleistungen, das Jobticket wird bezuschusst;2,00
Arbeitsbedingungen;Modernes Großraumbüro, Homeoffice, Kantine;4,00
Umwelt- / Sozialbewusstsein;Es wird versucht ein papierloses Büro zu führen;3,00
Work-Life-Balance;Gleitzeit, Homeoffice und Sportkurse wie Yoga, Obstlieferungen;4,00
Arbeitsatmosphäre;Innerhalb der Teams meistens gut, außerhalb nur im persönlichen Netzwerk. Viel fingerpointing und Fehlersuche bei anderen;3,00
Vorgesetztenverhalten;Viele Teamleiter wurden aus der Linie befördert aber gar nicht bzw nur sehr schlecht qualifiziert. Teilweise haarsträubenden Verhalten gegenüber den mitarbeitern. Viel fingerpointing.;2,00
Interessante Aufgaben;Versicherungs IT ist zwar träge, aber es gibt an vielen Ecken interessante Tätigkeiten aus zu üben. Aber technisch ist man nur selten am Puls der Zeit.;4,00
Kommunikation;Die Geschäftsführung ist sehr bemüht, Informationen die für die Mitarbeiter interessant sind zu kommunizieren. Auch Entscheidung werden öfters transparent kommuniziert.;4,00
Gleichberechtigung;So gut wie keine weiblichen Führungskräfte. Auch in der Technik unter 5% Frauen  In der Anwendungsentwicklung mehr Frauen.;2,00
Umgang mit älteren Kollegen;Es wird versucht für jeden im Rahmen seiner Möglichkeiten eine Aufgabe zu finden.;4,00
Karriere / Weiterbildung;Regelmäßige Fortbildungen möglich;4,00
Gehalt / Sozialleistungen;Gute Verdienstmöglichkeiten, aber Sozialleistungen werden eher gestrichen als angeboten.;4,00
Arbeitsbedingungen;1-3 Mann Büros, allerdings veraltet Einrichtung. Ergonomische Einrichtung Fehlanzeige. Mitten in Köln, Anreise per Auto ist ein Albtraum. Bahn und S-Bahn regelmäßig mit Verspätungen und Ausfällen.;3,00
Umwelt- / Sozialbewusstsein;Definitiv keine Green IT;2,00
Work-Life-Balance;Gleitzeit ohne Kernarbeitszeit. Hängt aber auch vom Teamleiter und der Abteilung ab;4,00
Arbeitsatmosphäre;In der Projektarbeit habe alle das richtige mindset, aber in anderen Abteilungen muss man noch flexibler werden.;4,00
Gehalt / Sozialleistungen;Gerade im Projekt- und IT-Bereich muss man Lösungen über dem Tarifvertrag finden.;4,00
Arbeitsatmosphäre;Man arbeitet unter sehr schlechten Bedingungen .;1,00
Kollegenzusammenhalt;jeder gegen jeden.;1,00
Kommunikation;Es wird nur hinterher gelästert.;1,00
Karriere / Weiterbildung;es sollten mehr Weiterbildungsmöglichkeiten eingebracht werden.;1,00
Work-Life-Balance;Kaum da , aufgrund der massiven Überstunden.;1,00
Image;Mittlerweile am Boden .;1,00
Arbeitsatmosphäre;Trotz aktueller Changeprozesse fühle ich mich bei der Mutter sehr gut aufgehoben und bringe mich im Kollegenkreis gerne ein;5,00
Vorgesetztenverhalten;Der Austausch mit meinem Vorgesetzten erfolgt offen und ungehemmt.;5,00
Kollegenzusammenhalt;In meinem Bereich arbeite ich vertrauensvoll und auf Augenhöhe über alle Hierarchieebenen hinweg einen gemeinsamen Zielen. Bis zum Vorstand!;5,00
Kommunikation;Verbesserungsfähig,;3,00
Gehalt / Sozialleistungen;Trotz kürzlichen „Modernisierung der Sozialleistungen“ finde ich mein Gehalt angemessen und fair.;5,00
Work-Life-Balance;Heimarbeit flexible Zeiterfassung mobiles Arbeiten die Gothaer ist in dieser Hinsicht auch einen sehr sehr guten Weg. Ich arbeite 100% dezentral;5,00
Image;Ich fühle mich als Teil der Gothaergemeinschaft. Die Gothaer gehört zu meinem Leben und ich arbeite gerne dort.;5,00
Arbeitsatmosphäre;Unterirdisch. Sehr viele Menschen ohne Know-how und keine Ahnung vom Geschäft. Schlechte Arbeitsatmosphäre, sehr konservatives Unternehmen. Sehr viele verlorene Mitarbeiter von anderen Unternehmen, die gehen mussten. Und hire fire Mentalität. Kündigung auch während der Probezeit möglich.;1,00
Vorgesetztenverhalten;Desaströs. Sehr viele verlorene Führungsmitarbeiter von anderen Unternehmen, die gehen mussten. Es werden sehr viele Führungskräfte ausgetauscht.;1,00
Kollegenzusammenhalt;Keine, wie gesagt alles Hinten rum;1,00
Kommunikation;Alles Hinten rum, keine offene Kommunikation;1,00
Gehalt / Sozialleistungen;Mit Gehalt wird gelockt, um die anderen negativen Punkte auszugleichen.;1,00
Arbeitsbedingungen;Veraltete Systeme;1,00
Umwelt- / Sozialbewusstsein;Überhaupt keins;1,00
Image;Gar kein Image, in Google Gothaer und Nachrichten eingeben;1,00
Arbeitsatmosphäre;In meiner Abteilung hatte ich Glück. In manchen Abteilungen ist die Arbeitsatmosphäre gar nicht vorhanden.;4,00
Vorgesetztenverhalten;Wenig Mitarbeiterförderung - und Weiterentwicklung.;3,00
Interessante Aufgaben;Interessant, da vielfältig.;4,00
Kommunikation;Wenig Transparenz;2,00
Karriere / Weiterbildung;"Ist möglich allerdings soll die Person top motiviert sein aber bitte ""nichts"" kosten";3,00
Gehalt / Sozialleistungen;"Die Bezahlung ist bei den ""älteren"" Kollegen, aufgrund der Altveträge gut. Die jüngeren Kollegen ""ackern"" für sehr viel weniger Geld und sind teilweise unterbezahlt. Sozialleistungen gibt es nicht! Nur die älteren Kollegen, die Altveträge haben, kommen in den Genuss von Sozialleistungen.";1,00
Vorgesetztenverhalten;Sehr fairer und offener Umgang, immer mehr weg vom Hierarchie-Denken. Vorgesetzte unterstützen und fördern ihre Mitarbeiter;5,00
Kollegenzusammenhalt;Offener, kollegialer Umgang, hilfsbereite Kollegen;5,00
Interessante Aufgaben;Man hat die Chance, selbst Ideen einzubringen und diese voranzutreiben!;5,00
Kommunikation;Wenn man Interesse hat, kann man auf jeden Fall auf dem Laufenden bleiben: Intranet, Mitarbeiter-Zeitschrift, Wikis, Speakers Corner, Vorstandsblog, Vorstandsforum (Fragen an den Vorstand);5,00
Umgang mit älteren Kollegen;Keine Unterschiede zwischen jungen und alten Kollegen spürbar.;5,00
Gehalt / Sozialleistungen;Sehr gute Vergütung und Sozialleistungen, Jobticket;5,00
Umwelt- / Sozialbewusstsein;Charta der Vielfalt im Jahr 2019 unterschrieben, CSR im Aufbau;4,00
Work-Life-Balance;Arbeitszeiterfassung mit der Möglichkeit, ganze Gleittage zu nehmen, Flexible Arbeitszeiten, Home-Office, Sport- und Fitnessangebote (auch während der Mittagspause´), Sabbaticals, Kantine, Urlaub kann (nach Abstimmung mit Kollegen) grundsätzlich sehr flexibel und auch spontan genommen werden.;5,00
Arbeitsatmosphäre;Offener, kollegialer Umgang, hilfsbereite Kollegen;5,00
Vorgesetztenverhalten;Wandel von hierarchischem Vorgehen zu mehr Freiheiten und Entscheidungsbefugnissen auf allen Ebenen läuft;4,00
Interessante Aufgaben;Große Themenbandbreite, spannende Themen rund um Digitalisierung unter Einbeziehung interessierter Mitarbeiter;5,00
Kommunikation;Viele Mitarbeiterinformation über verschiedene Formate wie Intranet, Mitarbeiter-Zeitschrift, Web-Forum, Wikis, offene Gesprächsrunden (Speakers Corner) usw;5,00
Gleichberechtigung;Geringe Quote an Frauen im Management, allerdings auch branchenbedingt;4,00
Karriere / Weiterbildung;Start Up Programme, Management Programme, vielfältiges Seminarangebot, viel Förderung;5,00
Gehalt / Sozialleistungen;sehr gute Vergütung;5,00
Arbeitsbedingungen;gute Ausstattung, aber noch Potential nach oben;4,00
Umwelt- / Sozialbewusstsein;bemüht, corporate social responsibility im Fokus, aber noch im Aufbau;4,00
Work-Life-Balance;Flexible Arbeitszeiten (sofern nicht Servicezeiten in Bereichen mit Kundenkontakt), Sport- und Fitnessangebote, Kantine usw.;5,00
Image;In der Branche ein sehr gutes Image, hohe Beliebtheit bei Kunden.;4,00
Vorgesetztenverhalten;Flache Hierarchien;4,00
Kollegenzusammenhalt;Sehr gut;5,00
Interessante Aufgaben;Projektarbeit ist gewünscht und wird gefördert.;5,00
Work-Life-Balance;Home Office, sabbaticals ,  Sportkurse, alles möglich.;4,00
Gehalt / Sozialleistungen;Gutes Gehaltsgefüge;4,00
Kommunikation;s.o.;1,00
Karriere / Weiterbildung;Wird nicht gefördert;3,00
Arbeitsatmosphäre;Zu den Kollegen und innerhalb der Teams absolut in Ordnung. Von Vorgesetzten und der Geschäftsführung wird man indirekt extrem unter Druck gesetzt. Alles wird bewertet, gemessen, es wird vorausgesetzt, man muss funktionieren!;3,00
Vorgesetztenverhalten;Vorgesetzte sind oft kein gutes Vorbild. Bei Entscheidungen wird man häufig nicht einbezogen und erhält kein vernünftiges Feedback, wenn man sich intern weiterentwickeln möchte. Es werden einem teils auch Steine in den Weg gelegt.;2,00
Kollegenzusammenhalt;Der Zusammenhalt unter Kollegen könnte besser sein, aber für ein Großraumbüro ist dies so in Ordnung.;4,00
Interessante Aufgaben;Es herrscht reine Fließbandarbeit. Es geht mehr um Quantität als um Qualität. Den eigentlichen Job, Kunden betreuen bzw. das ganze Spektrum abfedern tun wir schon lange nicht mehr. Die Arbeit ist monoton und nicht anspruchsvoll für das, was man mal gelernt hat. Es verkommt immer mehr zum reinen Callcenter als das man Sachbearbeiter im Versicherungswesen ist.;1,00
Kommunikation;Derzeit versucht man, einen Klimawandel herbeizuführen, von dem ich nicht überzeugt bin. Wir werden teils sehr spät bis gar nicht informiert, wenn Produkte neu eingeführt werden, wenn Aktionen laufen, etc. und uns _Kunden am Telefon darauf ansprechen.;3,00
Karriere / Weiterbildung;Früher wurde der Versicherungsfachmann angeboten. Dieser wurde eingestampft. Es gibt nur noch den Servicefachmann. Interne Weiterentwicklung obliegt nur denen, die den Mund am meisten aufmachen - unabhängig von der Qualität. Ruhige Menschen, die dennoch Qualität ableisten haben kaum eine Chance.;3,00
Gehalt / Sozialleistungen;Für das, was Kollegen hier leisten und welche Zeit investiert wird, ist der Lohn absoluter Spott. Das Gehalt ist viel zu wenig. Die Sozialleistungen finden nahezu nicht statt bis auf ein Jobticket und es wird eher noch eingespart und eingestampft, möchte aber Toprankings für einen guten Arbeitgeber erreichen - das passt nicht zusammen!;2,00
Arbeitsatmosphäre;Innerhalb des Teams in der Regel i.O. Zuviel Druck auf den Einzelnen. Hauptsache, die Kennzahlen stimmen um jeden Preis!;3,00
Vorgesetztenverhalten;Soweit i.O., aber nicht wirklich ehrlich.;3,00
Kollegenzusammenhalt;Meistens gut, viele versuchen am Ende aber nur, irgendwie ihren Bonus zu erreichen, was zu Ellenbogenmentalität führt.;3,00
Kommunikation;Informationen, die für die Aufgabenerfüllung erforderlich sind, werden in aller Regel rechtzeitig kommuniziert. Jedoch fühlt man sich als Mitarbeiter regelmäßig veräppelt oder sogar getäuscht (was z.B. das Thema Gehalt bzw. Gehaltserhöhung angeht, bzgl. Thema hohe Mitarbeiterfluktuation u.a.);3,00
Umgang mit älteren Kollegen;"Man hat den Eindruck, dass deren Wissen und Erfahrung nicht wirklich geschätzt wird. Eher werden sie als ""Kostenfaktor"" behandelt und versucht, mundtot zu machen, wenn sie sich über Dinge beschweren, die offenbar seit Jahren schieflaufen.";3,00
Karriere / Weiterbildung;keine wirklichen Aufstiegschancen;1,00
Gehalt / Sozialleistungen;Als Einstiegsgehalt im unteren Bereich dessen angesiedelt, was noch akzeptabel ist. Nach spätestens einem Jahr Berufserfahrung nicht mehr angemessen.;1,00
Arbeitsbedingungen;"Großraumbüro, oft laut... Trotz reiner Arbeit am Bildschirm handelt es sich angeblich nicht um einen ""Bildschirmarbeitsplatz"", weswegen die 5 Minuten Pause, die einem gesetzlich pro Stunde zustehen, auch nicht eingeräumt werden.";2,00
Work-Life-Balance;"Durch ""Spätschichten"" am Telefon ist es schwierig, z.B. jede Woche einen Kurs o.ä. zu besuchen. Keine Gleitzeit.";1,00
Arbeitsbedingungen;Moderne Arbeitswelten und modernere Geräteausstattung wären gut;3,00
Vorgesetztenverhalten;Mein Chef ist wirkliche in Vorbild!;5,00
Kollegenzusammenhalt;In meinem Team spitze, andere Abteilungen/Teams kann ich nicht beurteilen;4,00
Arbeitsatmosphäre;Die Stimmung im Konzern ist sehr schlecht geworden;1,00
Vorgesetztenverhalten;Zum Glück sehr gut;5,00
Kollegenzusammenhalt;Zum Glück in der Abteilung sehr gut;5,00
Interessante Aufgaben;Ja, eigentlich macht der Job Spaß;5,00
Umgang mit älteren Kollegen;Direkter Vorgesetzter sehr gut, Geschäftsleitung insgesamt nicht wertschätzend;3,00
Gehalt / Sozialleistungen;Noch gut, zum Glück wurden die Sozialleitungen nicht ganz strichen;5,00
Arbeitsbedingungen;In der eigenen Abteilung sehr gut;5,00
Work-Life-Balance;Zu viel Druck, zu viel Arbeit für zu wenig Menschen;1,00
Image;Leider nicht mehr;1,00
Arbeitsatmosphäre;Sowohl Vorgesetzte als auch Kollegen sind sehr hilfsbereit und wertschätzend.;5,00
Vorgesetztenverhalten;"Vorgesetzte unterstützen und fördern ihre Mitarbeiter. Diskussionen mit Führungskräften werden wo möglich als ""gleichberechtigte"" geführt, Meinungen der Mitarbeiter ernst genommen. Bis ins oberste Management hat man immer ein ""offenes Ohr"" für die Belange der Mitarbeiter";5,00
Kollegenzusammenhalt;Der (team-/bereichsübergreifende) Zusammenhalt zwischen Mitarbeitern, sowie die Hilfsbereitschaft sind bemerkenswert;5,00
Interessante Aufgaben;Arbeit wird in den Teams gleichmäßig und nach Möglichkeit eigenverantwortlich verteilt. Neben Regeltätigkeiten sind i.d.R. immer abwechslungsreiche Tätigkeiten möglich.;5,00
Kommunikation;Regelmäßige Mitarbeiterversammlungen, Rundschreiben sowie Bereichs-/Teamrunden sorgen für einen guten Informationsfluss.;5,00
Gleichberechtigung;Keine Unterschiede zwischen den Kolleginnen und Kollegen spürbar;5,00
Umgang mit älteren Kollegen;Keine Unterschiede zwischen jungen und alten Kollegen spürbar;5,00
Karriere / Weiterbildung;Sowohl in der Ausbildung, als auch bei Festanstellung, werden regelmäßige Weiterbildungen gefördert. Ein Wechsel der Tätigkeit ist über einen internen Stellenmarkt ebenfalls möglich.;5,00
Gehalt / Sozialleistungen;Gehalt wird pünktlich auf gutem/marktüblichem Niveau bezahlt. Sozialleistungen sind gut, werden aktuell neu ausgerichtet.;5,00
Arbeitsbedingungen;Arbeit mit guter Ausstattung (Bildschirme, Licht, Bürostühle,...) ist gewährleistet. Z.T. sind die Büros etwas in die Jahre gekommen;4,00
Umwelt- / Sozialbewusstsein;"Der Weg zu einem ""Paperless Office"" wird zwar angestrebt, könnte aber stärker verfolgt bzw. unterstützt werden";3,00
Work-Life-Balance;Durch Gleitzeit (ohne Kernarbeitszeit) sind Arbeit und Privatleben sehr gut aufeinander abstimmbar. Urlaub muss mit Kollegen abgestimmt werden, kann grundsätzlich aber sehr flexibel (ggf. auch spontan) genommen werden. Gleiches gilt auch für Homeoffice.;5,00
Image;Arbeit in einen (Versicherungs-)Konzern hat manchmal einen negativen Ruf, hier wird jedoch viel unternommen um Prozesse schneller/effizienter und flexibler zu machen.;4,00
Arbeitsatmosphäre;es wird oft nachgefragt ob man sich wohlfühlt;5,00
Vorgesetztenverhalten;haben immer ein offenes Ohr und sind sehr bemüht dass es ihren MA gut geht, das gilt auch für das obere Management;5,00
Interessante Aufgaben;man hat die Möglichkeit sich mehr einzubringen wenn man dies möchte;5,00
Kommunikation;regelmässige Team- und Abteilungsmeetings;5,00
Gleichberechtigung;es werden keine Unterschiede gemacht;5,00
Umgang mit älteren Kollegen;kein Unterschied zu jüngeren Kollegen;5,00
Gehalt / Sozialleistungen;keine betriebliche Altersvorsorge;4,00
Arbeitsbedingungen;IT etwas veraltet, Besprechungsräume nicht ausreichend ausgestattet;4,00
Umwelt- / Sozialbewusstsein;bekomme ich nichts von mit, weder im positiven noch im negativen Sinn;3,00
Work-Life-Balance;Gleitzeit, Homeoffice, mittlerweile kein Thema mehr und wird von den VS unterstützt;5,00
Image;das verstaubte Image wandelt sich langsam, auch durch die Neueinstellung von vielen jüngeren Führungskräften;4,00
Vorgesetztenverhalten;Das ist unterschiedlich. Meine Führungskraft hat immer die Tür auf und steht im Konfliktfall auf meiner Seite.;4,00
Kollegenzusammenhalt;Kollegen sind sehr hilfsbereit, eines der größten Vorteile für mich.;5,00
Interessante Aufgaben;Mit Eigeninitiative darf man hier sehr viele unterschiedliche und abwechslungsreiche Aufgaben übernehmen.;4,00
Gleichberechtigung;Es werden derzeit mehr Frauen als Führungskräfte eingesetzt. In der oberen Management-Ebene sind es aber immer noch überwiegend Männer.;4,00
Umgang mit älteren Kollegen;Der Altersdurchschnitt ist hier relativ hoch.;4,00
Gehalt / Sozialleistungen;Gehalt ist immer pünktlich, Jobticket, Vergünstigungen, Sportkurse, Sabbaticals...;5,00
Arbeitsbedingungen;Je nachdem wo man sitzt, müssten die Räume den moderneren Arbeitsweisen angepasst werden. Besprechungräume sind nicht ausreichend.;3,00
Work-Life-Balance;38h- Woche, Gleitzeit, Home Office ohne Probleme möglich;5,00
Image;Die meisten Kollegen sind sehr lange hier, dass spricht für das Image der GoSys.;4,00
Arbeitsatmosphäre;ausgewogenes Verhältnis von gutem Betriebsklima, Führungsverhalten und Teamspirit;4,00
Vorgesetztenverhalten;offener und ehrlicher Umgang. Informationen und Maßnahmen die von den Teamleitern an uns weitergegeben werden, werden diskutiert. man versucht so gut wie möglich im Dialog zu sein. kritische Rückmeldungen werden zugelassen.;5,00
Interessante Aufgaben;Jedes Gespräch ist anders. Mischung zwischen Telefon- und elektronischer Postbearbeitung . Es wird nie langweilig.;5,00
Kommunikation;tägliche Meetings, interne Informationsmittel;5,00
Gleichberechtigung;"Mütter in Elternzeit werden gut integriert. Es wird Rücksicht auf familiäre Notwendigkeiten genommen. Einsatzpläne werden entsprechend berücksichtigt. Auch als ""Mutter"" ist es möglich weiter aufzusteigen.";5,00
Umgang mit älteren Kollegen;neue Generation von jungen MA wächst nach. Keine Benachteiliugung / Bevorzugung von älteren oder jüngeren Kolleginnen und Kollegen.;5,00
Karriere / Weiterbildung;Man kann nach einer bestimmten Zeit in die Schadenregulierung oder in den Stabsbereich wechseln. Leider zu wenig Fortbildungsangebot.;3,00
Gehalt / Sozialleistungen;Pünktliche Bezahlung. Leistungsabhängiger Bonus. Jobticket. Leider keine betriebliche Altersvorsorge. Ungewöhnlich für einen Versicherer.;4,00
Arbeitsbedingungen;"Klimaanlage :-))), seit kurzem gibt es ein ""Office-Dog"" Projekt";5,00
Umwelt- / Sozialbewusstsein;kein besonderes Engagement in sozialen Projekten (jedenfalls nicht bekannt).;2,00
Work-Life-Balance;überstunden können aktuell nicht nach wunsch immer genommen werden, aufgrund personeller Situation (zu wenig Mitarbeiter). ... es gab aber auch schon Zeiten in denen Überstundenabbau besser lief. Bei wichtigen, persönlichen Terminen nach Absprache möglich.;4,00
Image;Der Gothaer Konzern wandelt sich. Digitalisierung ist gerade Thema. In Berlin (GSC) merkt man davon noch nicht viel. Am Image (Bekanntheitsgrad) wird gearbeitet.;3,00
Arbeitsatmosphäre;Wertschätzung gegenüber den Mitarbeitern liegt den Vorgesetzten am Herzen;4,00
Vorgesetztenverhalten;Mitarbeiter werden in Entscheidungen einbezogen, erhalten eine große Unterstützung während und nach der Einarbeitung;5,00
Kollegenzusammenhalt;es gibt teilweise Unterschiede im Umgang miteinander...kommt darauf an, ob es neue Kollegen sind oder welche, die schon seit Anfang an dabei sind. Die Neuen sind meist jünger und damit separierter und gehen offener miteinander um;3,00
Interessante Aufgaben;gerecht ist es, weil jeder das gleiche machen muss.  Allerdings wenig Einfluss auf Gestaltung des Arbeitstages.;3,00
Kommunikation;tägliche  Meetings;5,00
Gleichberechtigung;es werden keine Unterschiede zwischen Frauen und Männern gemacht. Diskriminierung jeglicher Art ist hier kein Thema;5,00
Umgang mit älteren Kollegen;Es werden auch Menschen 50+ eingestellt und die, die schon länger da sind werden nicht schlechter oder besser behandelt. Wenn Mitarbeiter in Rente gehen, werden sie sehr wertschätzend verabschiedet (das ganze Team wird aus dem Tagesgeschäft gezogen, damit persönliche Verabschiedung möglich ist).;5,00
Karriere / Weiterbildung;in der SChadenaufnahme keine große Karrieresprünge möglich. Wenn man die Voraussetzungen mitbringt, kann man sich auf andere Stellen im Unternehmen bewerben.;2,00
Gehalt / Sozialleistungen;Gehalt superpünktlich immer zur Mitte des MOnats. Es gibt zusätzlich 2x jährlich einen Bonus. Es fehlt die betriebliche Altersvorsorge. Für ein Versicherungsunternehmen merkwürdig. Es gibt eine Jobticket für die BVG.  Man kann Bonusurlaubstage bekommen, wenn man nicht krank wird.;4,00
Arbeitsbedingungen;Man hat alles, was man braucht (2 Bildschirme), Klimaanlage, helles Räume. Pausenräume, separate Raucherräume, Fernseher, Kühlschränke, mehrere Küchen.;4,00
Umwelt- / Sozialbewusstsein;es  kommt nicht so an, als würde auf etwas geachtet werden. Es gibt keine Mülltrennung. Thema wird nicht aktiv verfolgt.;2,00
Work-Life-Balance;Man kann leider die Überstunden nicht abbauen, wie man es unbedingt braucht, da es sich danach richtet, wie viele Personen bereits frei haben.;3,00
Image;gemeckert wird überall.;3,00
Vorgesetztenverhalten;"Probleme und persönliche Anliegen werden sehr ernst genommen. In keinster Weise herrscht eine Kultur nach dem Motto ""ich Chef- du nix"". Man wird einbezogen und bekommt Feedback.";5,00
Kollegenzusammenhalt;offener Umgang miteinander;4,00
Interessante Aufgaben;grundsätzlich sehr strukturierte Arbeitsweise mit festgelegten Prozessen. Man kann sich für Sonderaufgaben melden, bzw. qualifizieren.;4,00
Kommunikation;tägliche Boardmeetings in denen die Teamleistung vom vergangenen Tag, sowie Probleme oder allgemeine Anliegen besprochen werden.;5,00
Gleichberechtigung;die Männer sind eher in der Unterzahl (70/30).;5,00
Umgang mit älteren Kollegen;Es gibt keinen Unterschied in der Behandlung von jüngeren oder älteren Kolleginnen und Kollegen. Alle bringen die gleiche Leistung. Es werden gerne auch ältere, bzw. Branchenfremde Personen eingestellt.;5,00
Karriere / Weiterbildung;Momentan noch kein Thema, allerdings keine regelmäßigen internen oder externen Fortbildungen. Karriereaufstieg eher schwierig. Übernahme von Projekten oder Sonderaufgaben möglich.;3,00
Gehalt / Sozialleistungen;pünktliche Zahlung. Bonusgehalt (2x jährlich). Leider keine Vorsorgeleistungen (Altersversorgung, ...) wie bei anderen Arbeitgebern. Jeder vergünstigte Versicherungen mögliche.;3,00
Arbeitsbedingungen;fester Arbeitsplatz, Klimaanlage, 2 Bildschirme, papierloses Arbeiten, Massagen 1x die Woche, Firmenevents;5,00
Umwelt- / Sozialbewusstsein;Mülltrennung;3,00
Work-Life-Balance;geregelte Arbeitszeiten. Einsatzpläne gibt es Wochen im voraus, so dass man gut planen kann.;5,00
Image;"nicht so bekannt auf dem Markt wie z.B. ""Allianz""";3,00
Arbeitsatmosphäre;Leider wird es zunehmend schlechter. Immer mehr Überwachung und wenig Vertrauen in die Mitarbeiter. Es geht nur noch um Erledigungszahlen.;2,00
Vorgesetztenverhalten;Leider gibt es viele Vorgesetzte die launisch sind oder die verstärkt auf ihre eigenen Interessen schauen. Zudem wollen einige ihre Macht demonstrieren.;2,00
Gehalt / Sozialleistungen;Das Gehalt ist gut, allerdings werden Sozialleistungen immer mehr zurückgefahren.;4,00
Arbeitsatmosphäre;Im Team unter den Kollegen toll. Das Führungskräfteverhalten ist es nicht.;2,00
Vorgesetztenverhalten;Siehe oben;1,00
Kollegenzusammenhalt;Das ist schon sehr sehr gut.;4,00
Interessante Aufgaben;Die Arbeit grundsätzlich macht Spaß und wird nie langweilig.;5,00
Kommunikation;Fachlich mittelmäßig. Generell kommt man sich vor wie auf einer Verkaufsveranstaltung. Einfach Fakten ist nicht möglich. Ständig wird alles schön geredet.;2,00
Gleichberechtigung;Große Gehaltsunterschiede bei gleicher Tätigkeit.;1,00
Umgang mit älteren Kollegen;Wer die Zahlen nicht schafft oder krank wird, mit dem kann man nicht mehr planen. Gekündigt wird keiner. Aber mürbe gemacht mit wöchentlichen 'Hilfsgesprächen' , Zahlenkontrolle und dem Angebot von Aufhebungsverträgen.;1,00
Gehalt / Sozialleistungen;Weit unter Tarif;1,00
Arbeitsbedingungen;Gute, helle, freundliche Büros;5,00
Work-Life-Balance;Permanente Überlastung der Mitarbeiter da am falschen Ende gespart wird. Hoher Krankenstand. Neue Mitarbeiter bekommen Schulungen im Schnelldurchlauf und werden darauf getrimmt schnell einsatzbereit zu sein. Darunter leidet die Qualität. Es passieren viele Fehler, was verständlich ist. Es ist jedoch fatal in einem Bereich in dem es um Menschen geht, bei denen es mitunter um ihre Existenz geht. Der eigentliche Grundgedanke von Service und Qualität und Leistung geht immer mehr verloren. Mitarbeiter sind nur noch Kennzahlen und so werden sie behandelt.;1,00
Arbeitsatmosphäre;Tolle Kollegen - tolle Vorgesetzte;4,00
Vorgesetztenverhalten;Tolle Chefin die sich um Belange direkt kümmert und immer ein offenes Ohr hat;4,00
Kollegenzusammenhalt;Jeder ist für jeden da - immer für Fragen offen und unterstützend;4,00
Interessante Aufgaben;Vielfältig und abwechslungsreich;4,00
Kommunikation;Neuer Vorstand - mehr Transparenz;4,00
Gleichberechtigung;Kein Unterschied zwischen Frau und Mann;4,00
Umgang mit älteren Kollegen;werden alle gleich behandelt;4,00
Karriere / Weiterbildung;Frauenquote deutlich erhöht - wer möchte kann sich über Projektarbeit nach oben dienen;4,00
Gehalt / Sozialleistungen;Bis auf eine fehlende betriebliche Altersversorgung alles bestens;4,00
Arbeitsbedingungen;Schöner Campus, einfache Büros, Programme teilweise altertümlich, aber der Fortschritt ist erkennbar;4,00
Work-Life-Balance;Betriebssportgemeinschaft mit vielen Angeboten - Gleitzeit;3,00
Image;Gothaer ist ein mittelständischer Versicherer der gut bei den Kunden ankommt, die keine großen, anonymen Versicherer ( AXA / ALLIANZ ) möchten.;4,00
Arbeitsatmosphäre;schlechter geworden. Personalabbau und kaum noch Kollegenzusammenhalt;2,00
Vorgesetztenverhalten;von oben herab;1,00
Umgang mit älteren Kollegen;schlecht.;1,00
Interessante Aufgaben;Sehr positiv;5,00
Kommunikation;Positiv;3,00
Arbeitsatmosphäre;Insgesamt stimmt die Atmosphäre bei uns in der Abteilung, sehr abhängig vom Vorgesetzten;3,00
Vorgesetztenverhalten;Sehr Personen abhängig, sowohl was den Vorgesetzen als auch den Mitarbeiter angeht. Es wird nicht jeder gleich behandelt.;3,00
Kollegenzusammenhalt;Oft retten die Kollegen den Tag.;4,00
Interessante Aufgaben;Every day the same. Alles interessante muss man abgeben und DARF es nicht bearbeiten , auch nicht wenn man damit begonnen hatte.;2,00
Kommunikation;Noch so direkt wie man es sich wünscht und nicht sehr transparent, obwohl es angeblich drauf ankommt.;2,00
Gleichberechtigung;Männliche Kollegen verdienen mehr als weibliche. Auch bei gleicher Qualifikation.;2,00
Umgang mit älteren Kollegen;Gibt nicht so viele ältere Kollegen. Aber an sich werden die genauso behandelt, wie die anderen auch.;3,00
Karriere / Weiterbildung;Wird erwünscht, bringt nur nichts. Viele Kollegen haben sich freiwillig privat verschiedenen Weiterbildung unterzogen ohne Chance das für die Kaierre zu nutzen.;1,00
Gehalt / Sozialleistungen;Ausserhalb des Tarifvertrags (darunter) und weniger Sozialleistungen. Z.b. kein Weihnachtsgeld;1,00
Arbeitsbedingungen;Willkommen in der Legebatterie.obwohl Massnahmen getroffen wurden, um mehr Ruhe zu arbeiten zu schaffen, ist es und bleibt es ein echtes Grossraumbüro über eine komplette Etage hinweg.;2,00
Work-Life-Balance;Servicezeiten Ausbau macht das schwerer;3,00
Arbeitsatmosphäre;Passt! Ich fühle mich wohl;4,00
Vorgesetztenverhalten;Ich kann alles ansprechen;4,00
Kollegenzusammenhalt;Super Team;5,00
Interessante Aufgaben;Habe eigene Vollmacht. Schäden sind abwechslungsreich;4,00
Work-Life-Balance;Keine Gleitzeit, aber täuschen möglich;2,00
Arbeitsatmosphäre;Flexibles Arbeitszeitmodell, Homeoffice, flache Hierarchien, nahbarer Vorstand;4,00
Vorgesetztenverhalten;Regelmäßige Gespräche (Feedback, Leistung) sind Vorschrift. Überwiegend nette und verlässliche Chefs.;4,00
Kollegenzusammenhalt;Sehr gutes Arbeitsklima, insbesondere unter den jungen Kollegen. Gerade findet ein Generationswechsel messbar statt.;4,00
Interessante Aufgaben;Der Versicherungsmarkt ändert sich und es gibt viele Chancen. Agile Arbeitsmethoden haben Einzug gehalten.;5,00
Kommunikation;Offene Kommunikation über alle Unternehmensziele und Strategien;4,00
Gleichberechtigung;Gleichbehandlung ist Pflicht. Es gibt Mentoringprogramme für weibliche Führungskräfte;5,00
Karriere / Weiterbildung;Wenn man das will gibt es sehr viele Möglichkeiten. Weiterbildungsmöglichkeiten sind sehr gut, dafür gibt es ein transparentes Qualifizierungscockpit.;5,00
Gehalt / Sozialleistungen;Der Tarifvertrag findet Anwendung. Macht man Karriere entwickelt sich alles sehr gut.;4,00
Arbeitsbedingungen;"IT und Arbeitsumgebung wie in der Branche ""veraltet"". Daran wird mit neuen Konzepten gearbeitet";4,00
Umwelt- / Sozialbewusstsein;Soziale Vorteile werden zugunsten der Kosten z.T. aufgegeben;2,00
Work-Life-Balance;Wird stark daran gearbeitet. Sabbaticals sind möglich.;3,00
Image;Das Unternehmen ist am Markt etabliert und feiert 2020 das 200jährige Jubiläum;4,00
Gleichberechtigung;Weniger als 3% Frauen in Führungspositionen;2,00
Arbeitsbedingungen;EDV problematisch;3,00
Vorgesetztenverhalten;Teamleitung ständig krank und dann aber verlangen 180% zu geben!!;1,00
Vorgesetztenverhalten;Mehr als schlecht.;1,00
Arbeitsatmosphäre;Hat such in den letzten Jahren aufgrund von immer neuen Umstrukturierungen ständig verschlechtert. Man hat ständig Angst um seinen Job.;2,00
Vorgesetztenverhalten;Oft leere Versprechungen, was man nicht schriftlich hat, ist nichts wert. Wenn man sich als Mitarbeiter an Anweisungen gehalten hat, kam es regelmäßig vor, dass man vom Vorgesetzten dafür gerügt wurde, wenn eine Beschwerde von außen kam. Hielt man sich nicht an Anweisungen und trifft Entscheidungen nach Sachlage selbst, ist es auch falsch. Man stellt sich nicht hinter den Mitarbeiter.;2,00
Kollegenzusammenhalt;Meine Kollegen innerhalb der Abteilung waren das beste an meinem Job;4,00
Kommunikation;Unter den Kollegen innerhalb der Abteilung immer top, mit Vorgesetzten und anderen Abteilungen oft eine Katastrophe. Insbesondere die Kommunikation mit anderen Abteilungen wurde zuletzt immer schwieriger, keiner will für irgendetwas zuständig sein und der Umgang wurde oft sehr unfreundlich.;3,00
Gehalt / Sozialleistungen;Die Stellen, hinter denen ein Tarifvertrag steht, werden gut bezahlt. Für die Gothaer scheinbar zu viel, da man Stellen in tarifungebundene Unternehmen auslagert.;3,00
Arbeitsbedingungen;Die Technik ist eine Katastrophe, sehr fehleranfällig und man muss mit veralteten Programmen arbeiten. Ständig kaputte Drucker, die nur notdürftig repariert werden.;2,00
Work-Life-Balance;Ich habe jede Woche Überstunden gemacht, weil einfach zu wenige Leute für zu viel Arbeit da waren. Die Freizeit leidet darunter natürlich, Home Office wird nur nach persönlicher Meinung der Abteilungsleiter ermöglicht.;2,00
Image;Innerhalb des Unternehmens herrscht zunehmend Unzufriedenheit. Auch die Wahrnehmung von außen hat sich zunehmend verschlechtert.;2,00
Arbeitsatmosphäre;Ich habe die Atmosphäre als sehr angenehm erlebt. Nicht nur die engeren Kollegen und direkten Vorgesetzten sind mir sehr hilfsbereit und wertschätzend begegnet, auch im Flur oder beim Essen grüßt man einander freundlich und hat ein nettes Wort für den anderen. Die Arbeitsbelastung war hoch, was der Atmosphäre aber nicht geschadet hat.;4,00
Interessante Aufgaben;Ich konnte vielfältige Einblicke bekommen in ganz unterschiedliche Bereiche und auch vermehrt eigene Verantwortlichkeiten und Bereiche übernehmen. Ich habe viel gelernt! Auch hat mir gefallen, dass ich meine Gedanken und Ideen einbringen konnte.;5,00
Gleichberechtigung;Die meisten Führungskräfte (je höher man schaut, umso auffälliger) sind auch hier männlich.  Als weibliche Praktikantin habe ich mich aber zu keinem Zeitpunkt unwohl gefühlt.;5,00
Umgang mit älteren Kollegen;In der Gothaer finden sich alle Altersklassen, was ich als bereichernd empfunden habe. Auffällig ist, die lange Betriebszugehörigkeit vieler Mitarbeiter.;5,00
Karriere / Weiterbildung;Einige Mitarbeiter sind ehemalige Praktikanten, je nach Phase und Abteilung gibt es also Chancen der Übernahme. Auch wenn man sagen muss, dass diese derzeit nicht sonderlich groß sind.;2,00
Gehalt / Sozialleistungen;Praktika werden in der Regel nur für 3 Monate angeboten.;2,00
Arbeitsbedingungen;klassisch bis old school könnte man die Ausstattung beschreiben. Aber es mangelt an nichts!;3,00
Work-Life-Balance;Die Gothaer bietet flexible Arbeitszeitmodelle, d. h. man pflegt ein Gleitzeitkonto und kann Überstunden auf- und abbauen. Mein Start war immer zwischen 8 und 9, Feierabend habe ich zwischen 5 und 6 gemacht, freitags früher. Ansonsten gibt es Betriebssportangebote und auch darüber hinaus, hatte ich nicht das Gefühl, meinem Privatleben neben dem Praktikum nicht gerecht werden zu können. Bei den Kollegen finden sich einige Mütter, die in Teilzeit arbeiten.  Urlaubsanspruch entspricht der Norm und wurde locker genehmigt.;5,00
Image;Dass die Versicherungsbranche kein spannendes innovatives Image genießt, dürfte kein Geheimnis sein.;2,00
Image;;5,00
Arbeitsatmosphäre;Kollegiales Miteinander, überwiegend 2-er Büros, Meinung der Mitarbeiter(innen) (MA) wird in Entscheidungen berücksichtigt, MA können aktiv mitgestalten.;5,00
Vorgesetztenverhalten;Mitarbeiter werden bei Entscheidungen einbezogen. Vorgesetzte stehen hinter ihren MA.;4,00
Kollegenzusammenhalt;Es herrscht ein miteinander, kein gegeneinander.;5,00
Interessante Aufgaben;MA können sich jederzeit auf offene Linien- und Projektstellen bewerben. Die Veränderung und Fortbildung von MA ist gewünscht und wird unterstützt. Die Gothaer Systems setzt sich mit den aktuellen Trends der IT auseinander. Daraus ergeben sich immer wieder interessante Aufgaben.;5,00
Kommunikation;Internes Wiki für alle einsehbar. So werden Entscheidungen und ihre Grundlagen transparent. Regelmäßige Infos in Team und Funktionsbereichsrunden.;4,00
Gleichberechtigung;Die Karriere von Frauen wird aktiv unterstützt.;5,00
Umgang mit älteren Kollegen;Ich selbst habe bereits mehrere Kollegen über 50 fest eingestellt und 2 Rentner z.T. über mehrere Jahre beschäftigt.;5,00
Karriere / Weiterbildung;Zahlreiche interne Kurse zur Persönlichkeitsentwicklung und zur Vorbereitung auf Führungspositionen. Weiterbildung ist gewünscht und wird gefördert.;5,00
Gehalt / Sozialleistungen;Bindung an den Tarifvertrag für Versicherungen.;4,00
Arbeitsbedingungen;Überwiegend 2-er Büros, überwiegend ruhig gelegen, regelmäßige Erneuerung der Notebooks/Desktops. Gesponsorte Gesundheitskurse im Haus.;4,00
Umwelt- / Sozialbewusstsein;Papier wird in den Büros separat gesammelt. Fair Trade Kaffee in der Kantine.;3,00
Work-Life-Balance;Gleitende Arbeitszeit ohne Kernzeit. Arbeitszeitkorridor 6-20 Uhr. Ü-Std. wahlweise in Freizeit oder Geld ausgleichen. Arbeit im Homeoffice möglich.;5,00
Image;Die Gothaer Systems bemüht sich um Innovation. Mitarbeiter(innen) kehren nach Stationen bei anderen Unternehmen oder in der Freiberuflichkeit gerne wieder zur Gothaer Systems zurück.;4,00
Umgang mit älteren Kollegen;Kein Programm für ältere Arbeitnehmer unflexibele Personalplanung;1,00
Gehalt / Sozialleistungen;Abbau / Umbau der Sozialleistungen geplant;4,00
Kollegenzusammenhalt;Ich arbeite in einem super Team, mit dem man Abends auch nach Feierabend mal Zeit verbringen kann :-);5,00
Gleichberechtigung;Auf der höheren Führungsebene ausgeglichen. Im mittleren Management dominieren Männer.;3,00
Arbeitsbedingungen;Dafür, dass es sich um ein IT-Unternehmen handelt, ist die Hardware der Mitarbeiter mindeste 3 Jahre im Rückstand.;2,00
Work-Life-Balance;Mit Gleitzeit kann man auch mehrere Tage/Wochen am Stück Urlaub nehmen.;4,00
Image;Die Gothaer ansich arbeitet derzeit an Ihrem Image und staubt ab....;3,00
Arbeitsatmosphäre;Interessante Jobs, viel Veränderungen, viel Projektarbeit (Digitalisierung, Change, Neue Arbeitswelten...). Offene Kultur, hohe Anforderungen an Qualität und Leistung, viel Verantwortung.;5,00
Vorgesetztenverhalten;Ich bin zufrieden.;5,00
Kollegenzusammenhalt;Im Großen und Ganzen o.k.;4,00
Interessante Aufgaben;Sehr interessante Aufgaben und Gestaltungsmöglichkeiten.;5,00
Kommunikation;Sehr offen und transparent.;4,00
Gleichberechtigung;Es gibt ein Frauen im Managementprogramm usw.;4,00
Umgang mit älteren Kollegen;No problem.;5,00
Karriere / Weiterbildung;Sehr gutes Bildungsangebot!;5,00
Gehalt / Sozialleistungen;Die Bezahlung ist deutlich besser als in vielen anderen Branchen.;5,00
Arbeitsbedingungen;Technik könnte an einigen Stellen moderner sein, funktioniert aber.;4,00
Work-Life-Balance;Sehr großzügiges Arbeitszeitmodell!;4,00
Image;Könnte moderner sein. Aber wenn man neu anfängt, ist man positiv überrascht.;3,00
Umwelt- / Sozialbewusstsein;Dazu kann ich leider nichts sagen. Ich habe keine Energieverschwendung gesehen, aber auch kein großartiges Engagement im Umweltschutz;3,00
Work-Life-Balance;Die Arbeitszeiten werden sehr locker gesehen (Gleitzeit). Als Praktikant konnte ich Urlaub nehmen, wann immer ich möchte;5,00
Gehalt / Sozialleistungen;gar nicht vorhanden;1,00
Arbeitsbedingungen;Großräume keine Ruhe;1,00
Umwelt- / Sozialbewusstsein;nix;1,00
Work-Life-Balance;gibts nicht;1,00
Image;genau so wie gehört von vorherigen Kollegen;1,00
Vorgesetztenverhalten;Es gibt viele schwache Vorgesetzte ohne Rückrat, und nur ganz wenige gute Führungskräfte. Ergebnisse von Mitarbeiterbefragungen sprechen für sich, Veränderungen finden aber nicht statt.;1,00
Kollegenzusammenhalt;Das ist bei der Gothaer Kranken wirklich extrem gut !;5,00
Kommunikation;Generell gut, Vorgesetztenkommunikation sehr schwach;3,00
Umgang mit älteren Kollegen;Auffällig ! Immer mehr ältere Kollegen werden krank und werden gemobbt !;1,00
Vorgesetztenverhalten;Mit Konflikten wird eher scheu umgegangen. Meistens wird ein Sündenbock gesucht und gefunden. Probleme oder Konflikte werden oft nicht erkannt. Viele Führungskräfte haben ihren Job leider nicht erlernt und handeln auch so. Hier ist dringender Handlungsbedarf in Form von Weiterbildungen vorhanden.;2,00
Kollegenzusammenhalt;Der Zusammenhalt unter Kollegen liegt im Normalen Bereich.;3,00
Interessante Aufgaben;Naja! Zahlen, Ziele, ZZQ. Ob das Nachhaltig Interessant ist?;2,00
Kommunikation;"Teilweise werden Informationen zurückgehalten um im nächsten Meeting damit zu ""glänzen"". Das aber auf allen Führungsebenen. Schade!";2,00
Gleichberechtigung;Vertrieb ist Männersache? Zumindestens bei der Gothaer.;2,00
Umgang mit älteren Kollegen;Hm..Bewerbung über 50. Eher wenig Erfogversprechend.;1,00
Karriere / Weiterbildung;Weiterbildung Ja !! Karriere oft nur mit Vitamin B.;3,00
Gehalt / Sozialleistungen;Eher Durchschnittlich.;3,00
Arbeitsbedingungen;Wenn mann sich die aktuell gültigen Besiedlungsrichtlinien anschaut ist ein Schäferhund vieleicht besser dran.;1,00
Umwelt- / Sozialbewusstsein;Im Durchschnitt.;3,00
Work-Life-Balance;Alles bestens. Normale Arbeitszeiten und im Kollegenkreis gibt es mit der Urlaubsplanung keine Probleme.;4,00
Image;Beim Mitbewerber ein gutes Image. Beim Endverbraucher schlechter Service.;3,00
Arbeitsatmosphäre;starke Orientierung an Zahlen die erreicht werden müssen;4,00
Vorgesetztenverhalten;Teamleiter sind bessere Sachbearbeiter. Wenig Kompetenz in Personalführung;4,00
Kollegenzusammenhalt;Innerhalb der Teams engeres Verhälntnis, als zu anderen Teams. Konflikt Schadenaufnahme/ Schadenregulierung;3,00
Interessante Aufgaben;Arbeitssteuerung, keine bis wenig eigene Einteilung möglich;4,00
Kommunikation;täglich;3,00
Gleichberechtigung;Es werden hierzu keine Äußerungen gemacht. Gleichbehandlung ja.;5,00
Umgang mit älteren Kollegen;hohe MA Anzahl an 45+;4,00
Karriere / Weiterbildung;keine Weiterbildungsmöglichkeiten. Wird nicht gefördert. Führungskräfte haben keine Weiterbildung, MA erhalten interne Coachings;1,00
Gehalt / Sozialleistungen;Jobticket, Bonuszahlung;3,00
Arbeitsbedingungen;Klimaanalage, ergonomische Tische;4,00
Work-Life-Balance;Arbeitszeit wird gerecht verteilt;4,00
Arbeitsatmosphäre;...;3,00
Vorgesetztenverhalten;...;3,00
Kollegenzusammenhalt;...;4,00
Interessante Aufgaben;...;3,00
Kommunikation;..;2,00
Gleichberechtigung;....;4,00
Umgang mit älteren Kollegen;..;2,00
Karriere / Weiterbildung;.;1,00
Gehalt / Sozialleistungen;...;3,00
Arbeitsbedingungen;..;2,00
Umwelt- / Sozialbewusstsein;...;3,00
Work-Life-Balance;....;4,00
Image;..;2,00
Arbeitsatmosphäre;Generell kann ist das Betriebsklima gut und man geht gerne zur Arbeit. Dies hat sich mit der laufenden Umstrukturierung geändert. Es herrscht viel schlechte Laune und Unmut über die Veränderungen (die in Augen vieler alles nur schlimmer machen - dieser Meinung schließe ich mich nicht an).;4,00
Vorgesetztenverhalten;- I.d.R. wird einem sehr viel Vertrauen entgegengebracht - Man bekommt, wenn man es denn möchte, die Chance zu zeigen, was man kann. - Entscheidungen sind manchmal nicht nachvollziehbar. Wenn man nachfragt versuchen einige FK ihre Entscheidung verständlich zu machen, indem sie sich Zeit nehmen und den Hintergrund erklären. Andere tun dies nicht. - In Konfliktsituationen sind viele FK dort wie kleine Kinder - sie reden nicht mehr mit einem uns lassen einen spüren, dass es einen Konflikt gab.  - Meine Entscheidung, dass Unternehmen zu verlassen, nachdem ich keine weitere Entwicklungsperspektive für mich sah, wurde ebenfalls als persönlicher Angriff von meiner FK gewertet. Meine Entscheidung wurde nicht verstanden und  nicht wirklich akzeptiert. (Glücklicherweise spiegelte sich dies nicht in meinem Arbeitszeugnis wieder);3,00
Kollegenzusammenhalt;Ich habe alle Kollegen, unabhängig davon, ob sie aus der eigenen Abteilung oder dem eigenen Bereich waren, stets als sehr hilfsbereit wahrgenommen. Die Zusammenarbeit lief in meinen Augen in den allermeisten Fällen gut. Leider gab es hin und wieder (es häufte sich in letzter Zeit) Situationen, in denen unternehmenspolitische Gründe ausschlaggebend dafür waren, dass ein Konflikt (z.B. zur Zuständigkeit der Bereiche, den Prozessabläufen,...) entstand.  Im Großen und Ganzen ist das Kollegium jedoch fabelhaft!;4,00
Interessante Aufgaben;"Die Arbeitsaufgaben an sich waren super!!!!!! Punktabzug gibt es allerdings für die ungerechte Aufgabenverteilung (Teilzeitkräfte bekommen teilweise genauso viel bzw. sogar mehr Arbeitsvolumen zugeteilt, wie Vollzeitkräfte) Die logische Konsequenz war der Aufbau von Überstunden in hohem Ausmaß. Dies wiederum führte dazu, dass viel Ausgleichstage genommen werden mussten (da Überstunden NICHT! ausbezahlt werden). Nach dem ""Gleiturlaub"" mussten dann neben der dann anfallenden Arbeit alle Dinge erledigt werden, die währenddessen liegengeblieben waren (denn Urlaubsvertretung gibt es bei manchen Aufgabengebieten aufgrund der knappen Besetzung kaum). Man hatte also im Endeffekt doppelt so viel Arbeit und baut gleich weiter kräftig Überstunden auf! FAZIT: Ein ewiger Teufelskreis entsteht!";3,00
Kommunikation;Kommunikation ist im ganzen Konzern eine Schwachstelle, insbesondere dann, wenn es darum geht kürzlich getroffene Entscheidungen allen relevanten Personen mitzuteilen. Häufig kam es zu doppelter Arbeit oder Versäumnissen von Fristen  aufgrund mangelnder Kommunikation sowie Unzufriedenheit wegen ungleichmäßiger Kommunikation durch die FK.;2,00
Gleichberechtigung;"In den ""unteren Rängen"" haben alle die gleiche Chancen. Umso höher es geht, desto weniger Frauen findet man - und die, die eine gute Position haben, haben es alles andere als leicht!  Wiedereinsteigerinnen (nach der Elternzeit/nach dem Mutterschutz) haben es mal leichter und mal weniger leicht. Ich kenne Beispiele, in denen die Kolleginnen kaum Aufgabengebiete bekommen haben, nachdem sie wiedergekommen sind. Andere haben ihre alten Aufgabenbereiche vollständig zurückbekommen, jedoch weniger Arbeitszeit für die Bewältigung der Aufgaben zur Verfügung gehabt, als zuvor!";4,00
Umgang mit älteren Kollegen;Bei der Gothaer ist der Altersdurchschnitt eher höher. Es gibt also zahlreiche Kollegen 45+ und diese werden auch geschätzt.;5,00
Karriere / Weiterbildung;Die Gothaer hat unglaublich tolle Angebote für die Aus- und Weiterbildung von Mitarbeitern, doch leider gelingt es häufig nicht, gerade die jungen und gut ausgebildeten Mitarbeiter zu halten. Es wird versäumt RECHTZEITIG attraktive Angebote zu unterbreiten. Und dann wundern sich die Kollegen der Personalabteilung oder die jeweiligen FK, dass die Kollegen sich anderweitig umsehen. So war es auch in meinem Fall. Weiterbildungsbedarf besteht in meinen Augen immer. Es werden auch durchaus sinnvolle und interessante Seminare angeboten, doch leider wird hier oft aus Kostengründen gespart.;2,00
Gehalt / Sozialleistungen;Die tariflichen Leistungen sind, wie bei jeder anderen Versicherung, sehr gut. Im Vergleich zu anderen Branchen darf man sich hier nicht beschweren! Was dennoch (sicherlich immer in Abhängigkeit der FK) schwierig ist, sind Gehaltsverhandlungen. Hier ist die Gothaer gerade in Zeiten, wo es insbesondere der PKV nicht allzu gut geht, nicht besonders flexibel. Wertschätzung besonders guter Arbeit wird hier nur selten mit einer Gehaltserhöhung ausgedrückt.;4,00
Arbeitsbedingungen;Die Ausstattung der Büros ist sehr gut: Man sitzt idR zu zweit, höchstens aber zu dritt in einem Büro. Der Schreibtisch ist ausreichend groß und der Lärmpegel dadurch, dass jedes Büro eine Türe hat, überschaubar! Einzige Gründe für Punktabzüge sind eine fehlende Klimaanlage für die seltenen aber heißen Sommertage sowie die branchenbedingten Einschränkungen in der IT (häufig können Programme oder Prozesse nicht eingeführt werden, weil es die IT der Gothaer bzw. allgemein der Versicherungsbranche, nicht abbilden kann).;5,00
Umwelt- / Sozialbewusstsein;Mülltrennung erfolgt teilweise. In Sachen Energiesparen/Klimaschutz gibt es noch verbesserungsbedarf: So bleiben nachts bspw. viele Lampen und PC´s an. Hier könnte man mit einem Generalschalter wenigstens am Wochenende mal alles runterfahren (tun andere Unternehmen ja auch).;1,00
Work-Life-Balance;Die Gothaer bietet (leider nicht allen Mitarbeitern) ein Gleitzeit-System. Je nach Abteilung gibt es Einschränkungen durch zu leistende Servicezeiten, jedoch belaufen sich diese auch im normalen Rahmen (8-18Uhr). Besonders entgegenkommend ist dieses System in meinen Augen für Eltern, die wegen ihrem kranken Kind zu Hause bleiben müssen/wollen oder früher gehen müssen. Hier habe ich bisher immer nur von guten Erfahrungen gehört. Aktuell gibt es einen Piloten zum Home-Office. Ich würde mich für die ehemaligen Kollegen freuen, wenn es endlich zur konzernweiten Umsetzung der Home-Office Angebote kommt.  Urlaub kann (je nach Abteilung ggf. anders) nach Belieben in Absprache mit Kollegen genommen werden. 2-3 Woche  Urlaub am Stück ist kein Problem. In Ausnahmefällen und nach Absprache geht es auch länger.  Die Gothaer bietet ein umfangreiches Sportangebot (inkl. Fitnessraum) über den eigenen Sportverein sowie betriebliches Gesundheitsmanagement über den hauseigenen Anbieter MediExpert an. Hier ist für jeden, egal wie jung oder alt, sportlich oder unsportlich, etwas dabei! Und es kostet so gut wie nichts!  Die Gothaer hat eine Kooperation mit einer KITA in Zollstock, wo jährlich einige Plätze für Gothaer Kinder reserviert sind!;5,00
Arbeitsatmosphäre;sehr gut;5,00
Vorgesetztenverhalten;beispielhaft;5,00
Kollegenzusammenhalt;herzlich;5,00
Interessante Aufgaben;interessant;5,00
Kommunikation;sehr gut;5,00
Gleichberechtigung;sehr gut;5,00
Umgang mit älteren Kollegen;sehr gut;5,00
Karriere / Weiterbildung;sehr gut;5,00
Gehalt / Sozialleistungen;sehr gut;5,00
Arbeitsbedingungen;sehr gut;5,00
Umwelt- / Sozialbewusstsein;sehr gut, ein Musterbeispiel!;5,00
Work-Life-Balance;sehr gut;5,00
Image;sehr gut;5,00
Arbeitsatmosphäre;Mit den meisten MA kann man lachen, plaudern aber überwiegend offen und fair kontrovers diskutieren. Und es bleibt meistens konstruktiv. Die Duz-Kultur hilft hierbei auch.;4,00
Vorgesetztenverhalten;"Den meisten Führungskräften mangelt es nicht nur an Führungskompetenz, sie nehmen ihre Führungsverantwortung auch nur unzureichend wahr. Das mag zwar auch der Tatsache geschuldet sein, dass insbes. die untere Führungsebene mit operativen Aufgaben dicht ist, ändert aber nichts daran, dass sie sich nur oberflächlich und eher desinteressiert mit ihren MA beschäftigen. Entwicklungs- und Feedbackgespräche laufen bspw. entsprechend willkürlich ab. Bei Fragen nach konkreten Ereignissen zu Kritikpunkten gibts dann schonmal ein ""also ich meine mich zu erinnern, da war mal was vor nem Jahr oder so ..."". Dieser Führungsstil erlaubt den MA zwar auch Freiheiten, dennoch ist der Anspruch an eine Führungskraft damit definitiv nicht ausreichend erfüllt - daher auch die klar mangelhafte Bewertung. Nicht nur erfahren die MA wenig Wertschätzung, es gibt auch keine Förderung und Weiterentwicklung. Erkannte(!) Lernfelder schleppt man als MA somit Jahr für Jahr durch, denn die FK unternimmt nicht viel um sie abzubauen.";1,00
Kollegenzusammenhalt;Auf Mitarbeiterebene hervorragend. Bereichsübergreifend wirds teilweise schwieriger, da Bereichsziele teilweise sogar widersprüchlich sind. Einige Führungskräfte sind zudem so in Kleinkriege verstrickt oder mit dem eigenen Ego beschäftigt, dass wichtige Initiativen kategorisch blockiert werden.;3,00
Interessante Aufgaben;"Die Arbeit wird innerhalb der Teams gerecht verteilt, da der Zusammenhalt auf MA-Ebene gut ist. Die Führung greift hier kaum ein, was durchaus vorteilhaft ist. Methodisch und organisatorisch ist die Asstel jedoch irgendwo in den 50ern stehen geblieben. Know-How Aufbau ist dem MA daher selbst überlassen. Dieses dann einzusetzen klappt aber nicht immer, da das Unternehmen nicht wirklich Innovationsfreudig ist. Die Arbeitsorganisation, nämlich das für Versicherungen typische ""Aufgaben und Verantwortungen-Hin-und-Hergeschiebe"", ist fest verankert.";2,00
Kommunikation;"Die Informationspolitik ist wohl die des gesamten Gothaer-Konzens. Zusammengefasst: die MA erfahren genau das, was für die Erreichung der Unternehmensziele von Vorteil ist. ""Geheimprojekte"" leaken dann aber trotzdem. Und die Informationen geben die Art wieder, wie das Unternehmen geführt wird: es gibt Finanzkennzahlen im Überfluss. Aber was Mitarbeiter, Kunden, Wettbewerb, interne Organisation o.ä. angeht hält man sich ziemlich bedeckt. Eine strukturierte Kommunikation zwischen den Bereichen und Teams findet praktisch kaum statt.";1,00
Gleichberechtigung;Im Top Management gibts keine Frau. Auch sonst ist der Anteil Frauen an den Beschäftigten wohl klar unter 50%. Im Tagesgeschäft ist aber nichts unmittelbar Negatives feststellbar.;3,00
Umgang mit älteren Kollegen;Auch hier gilt: die MA sind tendenziell recht jung. Ich kann mich zudem an vlt. zwei Kollegen 45+ erinnern, die in den letzten Jahren eingestellt wurden. Gegenüber Dutzenden Jüngeren. Aber auch hier ist im Tagesgeschäft gegenüber den Älteren keine Benachteiligung wahrzunehmen.;3,00
Karriere / Weiterbildung;"Es gibt kaum Durchlässigkeit von der MA-Ebene in die Führungebene. Nahezu alle FK wurden von extern eingestellt. Die wenigen die es ""geschafft"" haben werden von ganz oben protegiert. Weiterbildung wird in Einzelfällen gefördert. Allerdings führt das kaum zu größerer Verantwortungsübernahme oder gar Gehaltsentwicklung. ""Spezialistenlaufbahnen"" gibts nämlich nicht.";1,00
Gehalt / Sozialleistungen;"Asstel zahlt keine Tarifgehälter und ist damit wohl tendenziell unterhalb des Branchenschnitts. Allerdings gibt es wesentliche Gehaltsschwankungen bei ähnlichen Aufgabenbereichen. Zudem tragen viele MA zwar wichtig klingende Titel, verrichten aber zu großen Teilen ""Mädchen für Alles""-Tätigkeiten, für die sich die Anforderungen im Wesentlichen auf Lesen und Schreiben beschränken. Entsprechend ist Wertschätzung und Gehalt. Einige Schlüsselfunktionen (insbes. Controlling und IT) sind jedoch von so großer Wichtigkeit, dass die Asstel hier notgedrungen (da sie außer Gehalt nicht viel bieten können und Wettbewerbsnachteile wie die 42 Stundenwoche ausgleichen müssen) wiederum sehr gute Gehälter zahlt, weil es nur wenige Bewerber gibt. Bei dem Startgehalt bleibt es dann aber zumeist, denn individuelle Gehaltserhöhungen gibts praktisch nur, wenn man mit Jobangeboten von anderen Unternehmen ""argumentiert"".";2,00
Arbeitsbedingungen;Das Haus ist eigtl. räumlich großzügig mit hohen Decken etc. Allerdings sind die Büros mindestens mit 4-6 Personen besetzt. Einige Bereiche sitzen komplett zusammen in einem Großraumbüro. Es wird also trotzdem laut. Die Ausstattung ist ziemlich bescheiden, insbes. in den Besprechungsräumen, von denen es ziemlich wenige gibt. Jedoch steht ein Umzug an. Danach heisst es: alle Mann in ein Großraumbüro!;2,00
Umwelt- / Sozialbewusstsein;Praktisch nicht vorhanden bzw. zumindest nicht wahrnehmbar.;1,00
Work-Life-Balance;Es gibt flexible Arbeitszeiten und mit der Urlaubsabstimmung wenig Probleme. Überstunden werden im Jahreszeitkonto angerechnet mit der Möglichkeit Gleittage zu nehmen. Das klingt zwar gut, aber eine branchenunübliche 42-Stundenwoche trübt dies. Insbes. wenn ein Großteil des Gothaer Konzerns 38 Std. arbeitet. Home Office ist nicht möglich. Es gibt 29 Tage Urlaub. Immerhin gibt es keine Laptops oder Diensthandys, d.h. Arbeiten außerhalb des Büros ist nicht vorgesehen.;2,00
Image;Nach Außen hin und im Wesentlichen über die Webseite präsentiert sich die Asstel tatsächlich oberflächlich gut. Intern ists aber durchaus ziemlich holprig, was die Arbeitsorganisation aber auch die Leistungserbringung aus Kundensicht betrifft.;2,00
Arbeitsatmosphäre;Bedingt durch einige wenige Kollegen, die trotz Stress auch mal einen Scherz auf den Lippen haben, ist das Betriebsklima noch akzeptabel. Die Firma selber trägt sehr wenig in Form von unregelmäßigen Ausflügen, gemeinsamen Umtrünken etc. hierzu bei. Es gibt einmal im Jahr eine pro-forma-Weihnachtsfeier mit eher gedämpfter Stimmung, überwiegend wird pure Professionalität gelebt.;2,67
Vorgesetztenverhalten;"Solange man seine Arbeit schafft, ist der Kontakt zu den Vorgesetzten vorbildlich und von Respekt geprägt. Schafft man den Worklot aber einmal oder gar zweimal nicht, muss man sich zunehmend Standpauken anhören und der Druck wird durch gesonderte tägliche Überwachung und Feedback-Gespräche direkt erhöht. Wochenziele werden schöngeredet und die zu bewältigende Arbeitsmenge heruntergespielt. Entscheidungen sind eher nachvollziehbar, aber fallen zu oft einseitig Richtung ""schnelleres und effektiveres"" Arbeiten aus. Mit Lob wird dafür sehr sparsam umgegangen, viele Dinge werden als selbstverständlich vorausgesetzt. Dafür haben die Vorgesetzten immerhin sehr oft Zeit für spontane Rücksprachen, vor allem bei fachlichen Problemfällen.";3,00
Kollegenzusammenhalt;Bedingt durch den hohen Arbeitsdruck wird nur das Nötigste kommuniziert, die Zusammenarbeit beschränkt sich auf das Notwendige. Jeder Mitarbeiter hat seinen eigenen Arbeitskorb mit speziellen Schwerpunkten und muss zusehen, dass er die zugewiesene Menge um jeden Preis schafft. Hilfe wird selten aktiv angeboten und es wird einem zudem ein schlechtes Gewissen vermittelt, falls man diese einmal benötigt. Weiterhin wird in Drucksituationen durchaus beim Vorgesetzten angeschwärzt und hinter vorgehaltener Hand gerne einmal gelästert. Im Kontrast hierzu wird hingegen fast peinlich genau auf das morgentliche Begrüßen und das abendliche Verabschieden aller Kollegen einer Arbeitsgruppe geachtet.;2,00
Interessante Aufgaben;Quantität geht eindeutig vor Qualität. Zwar kann man sich in jeder Woche die Reihenfolge der in dieser Zeit zu erledigenden Aufgaben grundsätzlich selber einteilen, muss aber mit Nachfragen zur Prioritätensetzung durch den direkten Vorgesetzten rechnen. Die Arbeitsbelastung der einzelnen Mitarbeiter schwankt duch verschiedene Spezialgebiete sehr. Manche schaffen ihr Pensum locker, da die Komplexität eher gering ist, während andere, die überwiegend schwierige Aufgaben erledigen müssen, immer wieder auf Hilfe angewiesen sind und somit klein gehalten werden.;2,00
Kommunikation;Hier gibt es nicht viel zu kritisieren. Bis auf einige wenige Abteilungen, die benötigte Informationen spät bzw. nur auf Nachfragen mitteilen, ist man immer ausreichend informiert. Es gibt regelmäßige Teamtalks zum Stand der Dinge und aktuellen Änderungen, die aber leider etwas zu oft zur puren Motivationsveranstaltung ausarten.;4,00
Gleichberechtigung;"Hier sind keine Auffälligkeiten zu vermerken. Wiedereinsteigerinnen wurden stets gut integriert und angemessen eingearbeitet, bei der Behandlung z.B. der Geschlechter ist keinerlei Unterschied zu erkennen. Die ""Frauenquote"" wird sogar bei weitem übertroffen.";5,00
Umgang mit älteren Kollegen;Eine ältere Kollegin wurde in eine andere Abteilung zwangsversetzt, woran sie durch ihr Arbeitsverhalten allerdings selber schuld war. Ansonsten werden die wenigen KollegInnen über 45 respektiert und dürfen die selben Aufgaben wie ihre jüngeren Pendants ausüben. Auffällig ist jedoch, dass der deutlich überwiegende Teil der Abteilung in der Altersklasse 25-35 beheimatet ist und meist junge KollegInnen neu verpflichtet werden, was natürlich ebenfalls auf Kosten-Nutzen-Gründe zurückzuführen ist.;3,00
Karriere / Weiterbildung;Weiterbildung ist zwar einer der Leitsätze des Unternehmens, wird aber nur auf explizites Nachfragen im Einzelfall vorgenommen. Hierbei setzt man vor allem auf fachliche/organisatorsiche Weiterbildung, um das Arbeitspensum besser schaffen zu können. Karriere im Unternehmen ist zwar möglich, der Fokus wird aber eindeutig auf die Führungs- und nicht auf die Fachspezialistenschiene gelegt. Ohne ein Assessmentcenter und den unbedingten Willen zur Mitarbeiterführung, sowie eine angepasste Verhaltensweise nach Vorstellung des Unternehmens ist so gut wie kein Weiterkommen möglich, man muss sich dann schon in andere Unternehmensbereiche wegbewerben. Falls man diese drei Voraussetzungen allerdings mitbringt, ist durchaus schonmal der eine oder andere Teamleiterposten zu besetzen.;2,00
Gehalt / Sozialleistungen;Das Gehalt in der Versicherungsbranche gehört zu den besten Gehältern bei vergleichbarem Bildungsstand. Es wird streng nach Tarifgruppen gezahlt, gegebenenfalls sogar mit Verantwortungszulage. Daher kann man hier nicht meckern. Einziger Wermutstropfen: Gehaltserhöhungen werden spärlich gesät und externe Neueinstellungen werden nach Möglichkeit eine Gehaltsgruppe unter dem Standard der Abteilung vorgenommen. Weiterhin wird die betriebliche Altersvorsorge nicht wirklich gefördert. Und das bei einem Versicherer.;4,00
Arbeitsbedingungen;Keine Beanstandung. Die Zwei- bis Drei-Mann-Büros sind allesamt zweckmäßig eingerichtet mit sauberem Inventar und regelmäßig aktualisierter, zeitgemäßer EDV. Es gibt Schulungen zum ergometrischen Arbeitsplatz, technische Defekte jeglicher Art werden sofort durch den Hausmeister abgestellt. Eine Klimaanlage wäre zwar an manchen Tagen schön, aber man kann über selbst bedienbare Fenster/Rollläden einiges auffangen. Eine Lärmbelastung gibt es nicht.;5,00
Umwelt- / Sozialbewusstsein;Hier liegt das Unternehmen im Mittelfeld. Der Müll wird lediglich nach Papier und Restmüll unterschieden, eine Sensibilisierung der Mitarbeiter für das Ausschalten von Licht und PC beim Verlassen des Büros wird unterlassen. Immerhin verwendet man aber PCs der neuesten Generation und setzt schon seit Jahren ausschließlich auf Neonröhren und Energiesparlampen. Das soziale Bewusstsein ist nach außen deutlich höher als gegen die eigene Belegschaft (Stichwort Familienfreundlichkeit). Man tritt gelegentlich auf zum Image passenden Veranstaltungen als Mitsponsor auf.;3,00
Work-Life-Balance;"Leider ist dies das große Manko der Firma, da das Credo ""Was du heute kannst besorgen..."" vorherrscht. Viel zu oft arbeitet man 45 statt 38 Stunden in einer Woche und sitzt ohne Pause 10,75 Stunden am Arbeitsplatz, um das Wochenpensum zu schaffen, vor allem, wenn man am Vortag einmal Zeitguthaben abgebaut hat. An zu vielen Tagen kommt zudem um 16 Uhr noch eine Aufgabe rein, die unbedingt heute noch erledigt werden muss, da sie jemand anderes bereits eine Woche liegengelassen hat oder sie jetzt erst bemerkt wurde. Der Urlaub für das kommende Kalenderjahr muss bereits im September des Vorjahres mit allen Kollegen abgestimmt werden. Es gibt Mindestanwesenheitsquoten, sogar an Brückentagen. Hat man einmal zwei Wochen Urlaub am Stück, wird man danach von eMails und Wiedervorlagen erschlagen, da die ""Urlaubsvertretung"", die selber stets genug zu tun hat, natürlich nur das Nötigste vom ältesten Datum angefangen weggearbeiten konnte. Vorarbeiten ist nicht möglich bzw. sinnlos, daher neigt man tendenziell zu kürzeren Auszeiten. Familientermine werden offiziell toleriert, besonders begeistert und verständnisvoll ist allerdings niemand, wenn man einmal um 11 Uhr kommt bzw. um 14 Uhr bereits wieder gehen muss. Gleitzeit gilt folglich als vereinbart, wird aber nicht wirklich gelebt.";2,00
Image;Die Gothaer sieht sich selber positiver, als sie ist. Man möchte gerne ein mitarbeiter- und kundenfreundliches Unternehmen sein, passt aber dank zahlreicher Kostensenkungs- und Rationalisierungsmaßnahmen dem entgegengesetzt perfekt in das aktuelle Image der Finanzbranche. Zahlreiche eigentlich sinnvolle und gerne gesehene Benefits (siehe unten) und durchaus innovative Produktlösungen können bei einem miesen Arbeitsklima und wochenlangem Bearbeitungsrückstand auf Grund Missmanagements von oberster Ebene herab hieran auch nichts mehr ändern. Die Gothaer würde ich niemandem als Arbeitgeber empfehlen, der auch nur entfernt woanders unterkommen kann. Auch würde ich mich selber heute in keinem Fall mehr dort bewerben und bin sehr froh, wenn diese Akte endlich geschlossen ist.;1,00
Vorgesetztenverhalten;Die FK in den mittleren Führungsebenen geben sich richtig Mühe und zeigen großes Engagement - leider wird das vom Vorstand nahezu nicht honoriert. Hier werden Menschen ausschließlich als Kostenfaktoren gesehen - Wertschätzung Fehlanzeige.;3,00
Kollegenzusammenhalt;Gerade im Vertrieb wirklich toll - aber auch bei der GA oder der GL. Leider aber klappt es nicht mit dem bereichsübergreifenden Arbeiten - jeder Bereich denkt an sich. Und man sehr den Eindruck, dass das von den Vorständen so getrieben wird.;5,00
Kommunikation;Super moderne Kommunikationsmedien - seit einigen Jahren eingeführt und ständig weiterentwickelt.;4,00
Karriere / Weiterbildung;Prima Personalentwicklung - wenn der eigene Chef die nutzt bringt das was;5,00
Image;Seit der Markenkampagne vor rund 10 Jahren hat sich das Schritt für Schritt verbessert.... Wir machen das :-);5,00
Arbeitsbedingungen;Ein bisschen mehr Flexibilität würde keinem Schaden;4,00
Work-Life-Balance;willkürliche Urlaubssperren;1,00
Arbeitsatmosphäre;Arbeitsmenge und Geschwindigkeit steht im Vordergrund.;4,00
Vorgesetztenverhalten;Momentan gibt es auf der dritten, zweiten und ersten Führungsebene bei der Gothaer Krankenversicherung mehr schlechte als positive Kandidaten. Ausnahmen bestätigen die Regel.;3,00
Kollegenzusammenhalt;Das ist bei der Gothaer Kranken stark hervorzuheben. Der kollegiale Zusammenhalt ist bemerkenswert.;5,00
Interessante Aufgaben;Viel Routine. Aber gehört nun mal dazu.;4,00
Kommunikation;Viele Informationsmedien sowie regelmässige Abteilungs- und Gruppenversammlungen. Informationen manchmal zu granular.;4,00
Gleichberechtigung;Bereichsleiter ist eine Frau. Gruppenleiter sind auch mehr Frauen als Männer. Insgesamt sind aber alle in Ihrem Geschlecht gleichberechtigt.;5,00
Umgang mit älteren Kollegen;Gute Einbindung aller Altersklassen. Auch jüngere werden direkt nach der Ausbildung integriert.;5,00
Karriere / Weiterbildung;Leider Fehlanzeige. Mir wäre nicht bekannt dass sich mehr als 5-6 Personen in den letzten 10 Jahren im Konzern aus dem Bereich heraus weiter entwickelt hätten.;3,00
Gehalt / Sozialleistungen;Hier muss noch etwas getan werden. Es gibt für die jüngeren keine Pensionskasse, Gehälter sind teils sehr ungleich verteilt. Liegt auch an der Historie.;3,00
Arbeitsbedingungen;Hier muss die Gothaer dringend etwas machen. Neue Stühle, Cafeteria, Kantine, Sitzecken fehlen völlig, Gemütlichkeit fehlt.;4,00
Work-Life-Balance;Es ist ein leichter Gruppendruck zu Mehrarbeit festzustellen. Aber diese wird nicht von Führungskräften gefordert und man macht sie eher freiwillig.;3,00
Image;Naja, wie bei allen Versichereren. Nach einer dicken Beitragsanpassung schlagen die Wellen hoch, und das Unternehmensimage leidet. Aber man stellt fest dass dann trotzdem die meisten Kollegen zur Gothaer stehen.;4,00
Image;sehr zu empfehlen!;5,00
Arbeitsatmosphäre;Der Arbeitgeber eher weniger, allerdings der Teamleiter und die Kollegen;3,67
Vorgesetztenverhalten;Faires Verhalten der Vorgesetzten, Gleichbehandlung, Förderung;4,75
Kollegenzusammenhalt;Teamzusammenhalt, angenehme Zusammenarbeit, Hilfe von allen Seite gegeben;5,00
Interessante Aufgaben;Oftmals Fließbandarbeit, allerdings durch Sonderaufgaben des Teamleiters oder Projekte  usw. abwechslungsreif (sollte man meiner Meinung nach erweitern);3,50
Kommunikation;regelmäßig;3,67
Gleichberechtigung;Kollegen werden größtenteils gleich behandelt;4,00
Karriere / Weiterbildung;Für Quereinsteiger ist dies in jedem Fall gegeben, sei es durch exterene Bildungsträger (Unterstützung durch den Arbeitsgeber), als auch im Betrieb. Für die höheren Teams sind Karrieremöglichkeiten intern kaum gegeben;2,67
Gehalt / Sozialleistungen;Es reicht zum Leben, aber mehr geht immer. Für Versicherungsfremde ein angemessenes Gehalt, für Versicherungsfachleute nicht angemessen;2,50
Arbeitsbedingungen;Arbeitsplätze sind zwar modern ausgestattet, allerdings kommt sich oft vor, wie in einer Legebattereie, viel zu viele Leute auf einer Etage. Die Lüftung in den einzelnen Etagen ist so gut wie gar nicht gegeben, dass man allen Mitarbeiterin gerecht wird;1,67
Umwelt- / Sozialbewusstsein;nicht, dass ich wüsste;1,00
Work-Life-Balance;Die Arbeitszeiten sind mittlerweile auf einem sehr guten Level, allerdings ist der Faktor der Gleitzeit kaum gegeben durch erhöhte Telefoniezeiten, die einen oft zwingen, bis in die späten Abendstunden zu arbeiten, auch Urlaubswünsche können nicht immer realisiert, da nicht genügend Kontingente gegeben sind;3,00
Image;Stolz ist relativ. Stolz darauf, in einem tollen Team zu arbeiten, grundsätzlich die netten Kollegen und auch Teamleiter, allerdings würde ich mein Unternehmen nicht weiterempfehlen, da ich selber nicht 100 % zufrieden in meinem Unternehmen bin;2,00
Arbeitsatmosphäre;Die Arbeitsbelastung ist hoch, aber die Kollegen sind prima und die Vorgesetzten wissen um die Belastung und unterstützen wirklich gut. Es gibt hauptsächlich 2er Büros.;4,00
Vorgesetztenverhalten;Es gibt natürlich auch Vorgesetzte die man in die Tonne kloppen kann, allerdings sind das sehr wenige. Im allgemeinen kann man auf seinen Chef zählen und fühlt sich immer gut aufgehoben, insbesondere bei wichtigen Themen. Bei sehr vielen stehen die Unternehmensinteressen und nicht die eigenen im Vordergrund, was gerade bei der Karriereplanung der Mitarbeiter förderlich ist.;5,00
Kollegenzusammenhalt;Die Gothaer-Familie eben. :-);4,00
Interessante Aufgaben;Es kommt auf den Bereich an,  aber wer will und Engagement zeigt bekommt auch viele spannende Einblicke und Sonderaufgaben.;4,00
Kommunikation;Wenn man ein paar Jahre dabei ist, kennt man viele Kollegen, die Fluktuation ist niedrig und der Austausch und das Kennenlernen verschiedener Schnittstellen und Abteilungen wird gefördert. So kann man mit einem Griff zum Telefonhörer viel regeln.;4,00
Gleichberechtigung;Frauen sind auf dem Vormarsch und werden von der Leitung gefördert.;5,00
Karriere / Weiterbildung;Interessanten Seminarangebot, wer gut ist wird gefördert.;4,00
Gehalt / Sozialleistungen;Das Versicherungstarifgehalt ist gut, flexible Boni sind möglich. Man kann gut leben, wer mehr will, sollte zu einer größeren Gesellschaft oder zum Makler wechseln.;4,00
Arbeitsbedingungen;2er Büros, meist funktionierende EDV, und einige Neubauten. Alles okay, es könnte moderner sein.;4,00
Work-Life-Balance;Flexible Arbeitszeiten, habe noch keine Urlaubssperre erlebt. Wenn man seinen Job im Griff hat, hat man viele Freiheiten.;5,00
Image;Bei den eigenen Kunden und Vermittlern sehr beliebt durch die hohe Kompetenz der Mitarbeiter.;5,00
Vorgesetztenverhalten;Den Vorgesetzten fehlt es an einer entsprechenden Ausbildung zum Führen von Personal.;2,00
Kollegenzusammenhalt;Nur eins: Jeder ist selbst der Nächste!;1,00
Kommunikation;Zwar ist der Leitsatz: Reden ist gold, schreiben silber...aber das ist nur ein Satz...gelebt wird er nicht.;2,00
Arbeitsatmosphäre;Prinzipiell gut. Über Langeweile braucht man nicht zu klagen. Teamarbeit wird groß geschrieben. Wir verstehen auch gemeinsam zu feiern.;4,00
Vorgesetztenverhalten;Meistens wird ein situativer Führungsstil an den Tag gelegt, was ich gut finde. Wer seinen Job beherrscht hat viele Freiräume.;4,00
Kollegenzusammenhalt;Der Zusammenhatl ist super - das hat auch unsere Mitarbeiterbefragung gezeigt.;5,00
Interessante Aufgaben;Durch die flachen Hierarchien (nur 3 Ebenen) ist man schnell mit interessanten Themen befasst. Vieles wird in Projekten erarbeitet.;4,00
Kommunikation;Jour fixe, Mitarbeiterinformationsveranstaltungen, eine guter Intranetauftritt und sogar ein eigenes GO-TV können sich sehen lassen.;5,00
Gleichberechtigung;Das Thema Diversity gehört zur Personalstrategie. Es gibt ein Frauen-im-Management-Programm.;4,00
Umgang mit älteren Kollegen;Die Gothaer ist für ihr hervorragendes Demografiemanagement ausgezeichnet worden (Corporate health award 2010).;5,00
Karriere / Weiterbildung;Es gibt für alle Ebenen professionelle Weiterbildungsprogramme, für Potenzialträger sogar internationale Programme.;5,00
Gehalt / Sozialleistungen;Die Versicherungswirtschaft zahlt auch im Tarifbereich besser als manche andere Branche. Bei guten Leistungen erhöht sich die variable Vergütung.;5,00
Arbeitsbedingungen;Architektonisch ansprechende Zentrale, gute Büromöbel und moderne Technik.;4,00
Work-Life-Balance;Sehr gutes Gesundheitsmanagement, eigenes Fitness-Center, Sportgemeinschaft, eine Kooperation mit einem Kindergarten erleichtern vieles. Aber man muss schon auch selbst darauf achten. Wenn man gut ist, wird man auch sehr viel nachgefragt.;4,00
Image;Das Unternehmen hat einen guten Ruf, auch bei den Wettbewerbern. In den letzten Jahren hat das Unternehmen sich sehr gut entwickelt.;4,00
Vorgesetztenverhalten;"Das gilt jetzt mal für alle Punkte unter der Überschrift ""Wohlfühlfaktor"": Grundsätzlich haben wir ein sehr gutes Arbeitsklima, einen guten Zusammenhalt unter den Kollegen, Vorgesetzte, die hinter einem stehen (oder auch mal vor einem - je nachdem was gerade Not tut) und ein interessantes Aufgabenfeld. Aber natürlich gibt es in einem so großen Unternehmen auch Personen, mit denen man vielleicht nicht so gut zurecht kommt oder Aufgaben, die einem keinen Spaß machen. Ist aber zum Glück die Ausnahme...";4,00
Gehalt / Sozialleistungen;"Ich bin zufrieden und durch das vor 2 Jahren eingeführte Bonusprogramm kann man sich bei Zielerreichung auch noch was ""dazu verdienen"".";4,00
Image;Grundsätzlich genießt das Unternehmen einen sehr positiven Ruf, als Arbeitgeber durchaus weiterzuempfehlen. Auch die meisten Produkte empfehle ich weiter, aber wie überall gibt es auch bei uns das ein oder andere Produkt, das andere besser können.;4,00
Interessante Aufgaben;Routine gibt den Ton an, Abwechslung wäre nett;2,00
Kommunikation;funktioniert von oben, aber nicht zwischen den Bereichen;3,00
Umgang mit älteren Kollegen;viel ältere Kollegen, scheinen sich wohl zu fühlen;4,00
Gehalt / Sozialleistungen;große Ungleichheit bei gleichen Jobs;3,00
Work-Life-Balance;zweitweise hoher Druck, zeitweise geht es;3,00
Image;angesehenes Unternehmen mit gutem Ruf;5,00
Arbeitsatmosphäre;Es existieren sehr starre Verwaltungswege, die uns keine Möglichkeiten geben sich zu entfalten. Ein typisches Beispiel einer Firma wo es wichtig ist 8 Stunden auf der Arbeit zu sein! Die Selbstorganisation der Arbeit ist ein riesiges Monstrum.;2,00
Vorgesetztenverhalten;Überwiegend ja, aber auch hier sind die Vorgesetzten eingebunden in einen starren und vorgegebenen Rahmen.;4,00
Kollegenzusammenhalt;Innerhalb der Abteilung sehe ich hier keine Probleme. Abteilungsübergreifend teilweise etwas träger.;4,00
Interessante Aufgaben;Die Einteilung ist schwierig, es gibt zu viele Klein- bis Miniaufträge, die dann auch immer Vorrang haben. Und ständig der Kampf das alles irgendwie bezahlt werden muss, aber kein Geld freigegeben ist.;2,00
Kommunikation;Nur sehr schleppend werden Informationen weitergegeben. Beim Einholen von Informationen zu laufenden Projekten ist alles gut solange die Mitarbeiter einer Abteilung untereinander kommunizieren. Abteilungsübergreifend sieht die Kollegialität teilweise schon anders aus.;3,00
Arbeitsbedingungen;Leider kein Geld für vernünftige Räumlichkeiten oder Büromöbel.;3,00
Work-Life-Balance;Sehr schwieriges Thema, da die Anreisezeit ziemlich lange ist. Aber auch die Möglichkeit mal von zu Hause zu arbeiten wird einem nicht gegeben.;3,00
Work-Life-Balance;Leider sind im Bereich der work life balance noch Verbesserungsmöglichkeiten gegeben. Jedoch versuchen die Führungsverantwortlichen hier durch Verkürzung der Service Zeiten und Verringerung der Arbeitszeiten sehr viel, um dies zu ermöglichen. Die erforderliche Nachbesetzung von neuen Mitarbeitern wird fieberhaft umgesetzt, jedoch ist dies aufgrund der Marktsituation wohl schwieriger als gedacht und geht noch zu Lasten der Mitarbeiter;3,00
Die Ausbilder;Sehr freundlich und hilfsbereit;5,00
Spaßfaktor;Die Stimmung am Arbeitsplatz ist i.d.R. sehr positiv;5,00
Betriebsklima;Es herrscht eine sehr gute Arbeitsatmosphäre !;5,00
Arbeitszeiten;Gleitzeit;5,00
Die Ausbilder;Qualitativ hochwertige Ausbildung von netten Ausbildern;5,00
Spaßfaktor;Hoch. Abwechslungsreiche und interessante Tätigkeiten in einem super Team.;5,00
Aufgaben/Tätigkeiten;Vor allem Berechnung von Versicherungen und Betreuung von Kunden. Neben der Ausbildung bleibt noch genug Zeit zum Lernen und zu besonderen Anlässen (Projekt,Prüfungen) kann nach Rücksprache auch Arbeitszeit verwendet werden;5,00
Abwechslung;Spannendes und abwechslungsreiches Alltagsgeschäft. In der Regionaldirekton durch die räumliche Gebundenheit etwas eingeschränkt. Dafür aber auch Außendiensteinsätze;4,00
Respekt;Äußerst respektvoller Umgang;5,00
Karrierechancen;Bei erfolgreichem Abschluss vielfältige Möglichkeiten zur Weiterbeschäftigung;4,00
Betriebsklima;Sehr entspanntes Arbeiten mit freundlichen Kollegen;5,00
Ausbildungsvergütung;Tarifvertrag;5,00
Arbeitszeiten;Gleitzeit. Nach Absprache mit den Kollegen kann Arbeitszeit flexibel eingeteilt werden;5,00
Die Ausbilder;Ich bin mit Bauchschmerzen zur Arbeit gegangen, weil jeder Tag unerträglich war mit meinen Ausbildern. Kommunikationsprobleme, da diese ausschließlich über E-Mail erfolgte, obwohl ich Azubine im Büro nebenan saß. Fakt war außerdem immer: DIE AZUBIS WAREN DAS! Ohne vorher mit uns zu sprechen, wurde direkt Beschwerde eingelegt. Wenn man mal einen Fehler machte verdrehte man direkt genervt die Augen.  Auf meinen Wunsch in eine Agentur versetzt zu werden, sagte man mir immer dies sei nicht möglich. Da ich wirklich kurz davor war alles hinzuwerfen weil mich die Situation so psychisch belastet hat, habe ich in ein anderes Unternehmen gewechselt. Kurz nachdem ich bei der Gothaer gekündigt hatte, konnte man mit aufeinmal alles wovor ich vorher ein halbes Jahr gut gekämpft habe ermöglichen. Ich weiß, so wird es sicherlich nicht überall sein, aber für die RD Köln kann ich leider kein positives Feedback geben!;2,00
Aufgaben/Tätigkeiten;Waren nach einem halben Jahr Ausbildung noch immer die gleichen!;3,00
Respekt;Von den Vertriebsleitern absolut ! Jedoch vom Innendienst keinerlei Respekt gegenüber den Azubis;2,00
Karrierechancen;Ganz klar, sind gegeben ! Förderung der Azubis echt gut;4,00
Betriebsklima;Du sitzt dort mit der Angst, wieder für irgendwas schuldig gemacht zu werden;2,00
Ausbildungsvergütung;Mega!;5,00
Die Ausbilder;Kompetent und sorgsam. Bei Fragen oder Hilfe kann man sich immer an Sie wenden. Gut finde ich auch dass man mehrere Ansprechpartner hat.;5,00
Spaßfaktor;Natürlich gibt es auch stressige Phasen, besonders zum Jahresende, aber die Gothaer ist wie eine große Familie mit der die Arbeit natürlich auch Spaß macht.;4,00
Aufgaben/Tätigkeiten;Hauptsächlich im Außendienst, deshalb ist der Arbeitsalltag super abwechslungsreich. Natürlich gibt es auch mal Tage die man nur im Büro verbringt um sich um das administrative zu kümmern.;5,00
Abwechslung;Durch den Agentureinsatz super abwechslungsreich.;5,00
Respekt;Respektvoller Umgang im Unternehmen.;5,00
Karrierechancen;Auch nach der Ausbildung hat man viele Möglichkeiten weiterhin im Betrieb zu bleiben. Die Gothaer fördert sehr gerne fleißige und gute Azubis. Besonders das Trainee Programm unterstützt junge Berufseinsteiger weiterhin 3 Jahre mit intensiver Förderung zur Selbstständigkeit.;5,00
Betriebsklima;Entspannt und respektvoll.;5,00
Ausbildungsvergütung;Grundvergütung für eine Ausbildung hoch zusätzlich noch die Möglichkeit dies durch Provision aufzubessern;5,00
Arbeitszeiten;Gleitzeit;5,00
Abwechslung;Abteilungswechsel innerhalb des Studiums jede 4-9 Monate;5,00
Arbeitszeiten;Gleitzeit;5,00
